Model,True,Predicted
DecisionTree,0,0
DecisionTree,0,0
DecisionTree,0,0
DecisionTree,0,0
DecisionTree,1,1
DecisionTree,0,0
DecisionTree,0,0
DecisionTree,0,0
DecisionTree,0,0
DecisionTree,0,0
DecisionTree,0,0
DecisionTree,0,0
DecisionTree,0,0
DecisionTree,0,0
DecisionTree,0,0
DecisionTree,0,0
DecisionTree,0,0
DecisionTree,0,0
DecisionTree,0,0
DecisionTree,0,0
DecisionTree,0,0
DecisionTree,0,0
DecisionTree,0,0
DecisionTree,0,0
DecisionTree,0,0
DecisionTree,0,0
DecisionTree,0,0
DecisionTree,0,0
DecisionTree,0,0
DecisionTree,0,0
DecisionTree,0,0
DecisionTree,0,0
DecisionTree,1,1
DecisionTree,0,0
DecisionTree,0,0
DecisionTree,0,0
DecisionTree,0,0
DecisionTree,0,0
DecisionTree,1,1
DecisionTree,0,0
DecisionTree,0,0
DecisionTree,0,0
DecisionTree,0,0
DecisionTree,1,1
DecisionTree,0,0
DecisionTree,0,0
DecisionTree,1,1
DecisionTree,0,0
DecisionTree,0,0
DecisionTree,0,0
DecisionTree,1,1
DecisionTree,0,0
DecisionTree,0,0
DecisionTree,0,0
DecisionTree,0,0
DecisionTree,0,0
DecisionTree,0,0
DecisionTree,0,0
DecisionTree,0,0
DecisionTree,0,0
DecisionTree,1,1
DecisionTree,0,0
DecisionTree,0,0
DecisionTree,1,1
DecisionTree,0,0
DecisionTree,0,0
DecisionTree,1,1
DecisionTree,0,0
DecisionTree,0,0
DecisionTree,0,0
DecisionTree,0,0
DecisionTree,1,1
DecisionTree,0,0
DecisionTree,0,0
DecisionTree,0,0
DecisionTree,0,0
DecisionTree,0,0
DecisionTree,0,0
DecisionTree,1,1
DecisionTree,0,0
DecisionTree,0,0
DecisionTree,0,0
DecisionTree,0,0
DecisionTree,0,0
DecisionTree,0,0
DecisionTree,0,0
DecisionTree,1,1
DecisionTree,0,0
DecisionTree,0,0
DecisionTree,0,0
DecisionTree,0,0
DecisionTree,0,0
DecisionTree,0,0
DecisionTree,0,0
DecisionTree,0,0
DecisionTree,0,0
DecisionTree,0,0
DecisionTree,0,0
DecisionTree,0,0
DecisionTree,0,0
DecisionTree,0,0
DecisionTree,0,0
DecisionTree,0,0
DecisionTree,1,1
DecisionTree,0,0
DecisionTree,0,0
DecisionTree,1,1
DecisionTree,0,0
DecisionTree,0,0
DecisionTree,1,1
DecisionTree,1,1
DecisionTree,0,0
DecisionTree,1,1
DecisionTree,0,0
DecisionTree,0,0
DecisionTree,0,0
DecisionTree,0,0
DecisionTree,0,0
DecisionTree,0,0
DecisionTree,0,0
DecisionTree,0,0
DecisionTree,1,1
DecisionTree,0,0
DecisionTree,0,0
DecisionTree,0,0
DecisionTree,0,0
DecisionTree,0,0
DecisionTree,0,0
DecisionTree,0,0
DecisionTree,1,1
DecisionTree,0,0
DecisionTree,0,0
DecisionTree,0,0
DecisionTree,1,1
DecisionTree,0,0
DecisionTree,0,0
DecisionTree,0,0
DecisionTree,0,0
DecisionTree,0,0
DecisionTree,0,0
DecisionTree,1,1
DecisionTree,0,0
DecisionTree,1,1
DecisionTree,0,1
DecisionTree,0,0
DecisionTree,0,0
DecisionTree,0,0
DecisionTree,0,0
DecisionTree,0,0
DecisionTree,0,0
DecisionTree,0,0
DecisionTree,0,0
DecisionTree,0,0
DecisionTree,0,0
DecisionTree,0,0
DecisionTree,0,0
DecisionTree,1,1
DecisionTree,0,0
DecisionTree,0,0
DecisionTree,0,0
DecisionTree,0,0
DecisionTree,0,0
DecisionTree,0,0
DecisionTree,0,0
DecisionTree,0,0
DecisionTree,0,0
DecisionTree,0,0
DecisionTree,0,0
DecisionTree,0,0
DecisionTree,0,0
DecisionTree,0,0
DecisionTree,0,0
DecisionTree,0,0
DecisionTree,0,0
DecisionTree,0,0
DecisionTree,0,0
DecisionTree,0,0
DecisionTree,0,0
DecisionTree,0,0
DecisionTree,0,0
DecisionTree,0,0
DecisionTree,0,0
DecisionTree,0,0
DecisionTree,0,0
DecisionTree,0,0
DecisionTree,0,0
DecisionTree,0,0
DecisionTree,0,0
DecisionTree,1,0
DecisionTree,1,1
DecisionTree,0,0
DecisionTree,0,0
DecisionTree,0,0
DecisionTree,0,0
DecisionTree,0,0
DecisionTree,0,0
DecisionTree,0,0
DecisionTree,1,1
DecisionTree,0,0
DecisionTree,0,0
DecisionTree,0,0
DecisionTree,0,0
DecisionTree,0,0
DecisionTree,0,0
DecisionTree,1,1
DecisionTree,0,0
DecisionTree,0,0
DecisionTree,0,0
DecisionTree,0,0
DecisionTree,0,0
DecisionTree,0,0
DecisionTree,0,0
DecisionTree,0,0
DecisionTree,0,0
DecisionTree,0,0
DecisionTree,0,0
DecisionTree,0,0
DecisionTree,0,0
DecisionTree,0,0
DecisionTree,1,1
DecisionTree,0,0
DecisionTree,0,0
DecisionTree,1,1
DecisionTree,0,0
DecisionTree,0,0
DecisionTree,1,1
DecisionTree,0,0
DecisionTree,0,0
DecisionTree,0,0
DecisionTree,0,0
DecisionTree,1,1
DecisionTree,0,0
DecisionTree,0,0
DecisionTree,0,0
DecisionTree,0,0
DecisionTree,1,1
DecisionTree,0,0
DecisionTree,0,0
DecisionTree,0,0
DecisionTree,0,0
DecisionTree,0,0
DecisionTree,0,0
DecisionTree,0,0
DecisionTree,1,0
DecisionTree,0,0
DecisionTree,0,0
DecisionTree,0,0
DecisionTree,0,0
DecisionTree,0,0
DecisionTree,0,0
DecisionTree,0,0
DecisionTree,0,0
DecisionTree,0,0
DecisionTree,0,0
DecisionTree,0,0
DecisionTree,0,0
DecisionTree,0,0
DecisionTree,0,0
DecisionTree,0,0
DecisionTree,0,0
DecisionTree,0,0
DecisionTree,0,0
DecisionTree,0,0
DecisionTree,0,0
DecisionTree,0,0
DecisionTree,0,0
DecisionTree,0,0
DecisionTree,0,0
DecisionTree,0,0
DecisionTree,1,1
DecisionTree,0,0
DecisionTree,1,1
DecisionTree,0,0
DecisionTree,0,0
DecisionTree,0,0
DecisionTree,0,0
DecisionTree,0,0
DecisionTree,0,0
DecisionTree,0,0
DecisionTree,0,0
DecisionTree,0,0
DecisionTree,0,0
DecisionTree,0,0
DecisionTree,1,1
DecisionTree,0,0
DecisionTree,0,0
DecisionTree,0,0
DecisionTree,0,0
DecisionTree,0,0
DecisionTree,0,0
DecisionTree,0,0
DecisionTree,0,0
DecisionTree,0,0
DecisionTree,0,0
DecisionTree,1,1
DecisionTree,0,0
DecisionTree,0,0
DecisionTree,0,0
DecisionTree,1,1
DecisionTree,1,1
DecisionTree,1,1
DecisionTree,0,0
DecisionTree,0,0
DecisionTree,0,0
DecisionTree,0,0
DecisionTree,0,0
DecisionTree,0,0
DecisionTree,1,1
DecisionTree,0,0
DecisionTree,1,1
DecisionTree,0,0
DecisionTree,0,0
DecisionTree,0,0
DecisionTree,1,1
DecisionTree,0,0
DecisionTree,0,0
DecisionTree,0,0
DecisionTree,0,0
DecisionTree,1,1
DecisionTree,0,0
DecisionTree,0,0
DecisionTree,0,0
DecisionTree,1,1
DecisionTree,1,1
DecisionTree,1,1
DecisionTree,0,0
DecisionTree,0,0
DecisionTree,1,1
DecisionTree,0,0
DecisionTree,0,0
DecisionTree,0,0
DecisionTree,0,0
DecisionTree,0,0
DecisionTree,0,0
DecisionTree,0,0
DecisionTree,0,0
DecisionTree,0,0
DecisionTree,0,0
DecisionTree,0,0
DecisionTree,0,0
DecisionTree,0,0
DecisionTree,0,0
DecisionTree,0,0
DecisionTree,0,0
DecisionTree,0,0
DecisionTree,0,0
DecisionTree,0,0
DecisionTree,0,0
DecisionTree,0,0
DecisionTree,0,1
DecisionTree,1,1
DecisionTree,0,0
DecisionTree,0,0
DecisionTree,0,0
DecisionTree,0,0
DecisionTree,0,0
DecisionTree,0,0
DecisionTree,0,0
DecisionTree,0,0
DecisionTree,0,0
DecisionTree,0,0
DecisionTree,0,0
DecisionTree,0,0
DecisionTree,0,0
DecisionTree,0,0
DecisionTree,0,0
DecisionTree,0,0
DecisionTree,1,1
DecisionTree,0,0
DecisionTree,1,1
DecisionTree,0,0
DecisionTree,0,0
DecisionTree,0,0
DecisionTree,0,0
DecisionTree,1,1
DecisionTree,0,0
DecisionTree,0,0
DecisionTree,0,0
DecisionTree,0,0
DecisionTree,1,1
DecisionTree,0,0
DecisionTree,0,0
DecisionTree,0,0
DecisionTree,0,0
DecisionTree,0,0
DecisionTree,0,0
DecisionTree,0,0
DecisionTree,1,1
DecisionTree,0,0
DecisionTree,0,0
DecisionTree,0,0
DecisionTree,0,0
DecisionTree,0,0
DecisionTree,0,0
DecisionTree,0,0
DecisionTree,0,0
DecisionTree,0,0
DecisionTree,0,0
DecisionTree,0,0
DecisionTree,1,1
DecisionTree,1,1
DecisionTree,0,0
DecisionTree,0,0
DecisionTree,0,0
DecisionTree,1,1
DecisionTree,0,0
DecisionTree,0,0
DecisionTree,0,0
DecisionTree,0,0
DecisionTree,1,1
DecisionTree,0,0
DecisionTree,0,0
DecisionTree,1,1
DecisionTree,0,0
DecisionTree,0,1
DecisionTree,0,0
DecisionTree,0,0
DecisionTree,0,0
DecisionTree,0,0
DecisionTree,0,0
DecisionTree,0,0
DecisionTree,0,0
DecisionTree,1,1
DecisionTree,0,0
DecisionTree,0,0
DecisionTree,0,0
DecisionTree,0,0
DecisionTree,0,0
DecisionTree,0,0
DecisionTree,0,0
DecisionTree,0,0
DecisionTree,1,1
DecisionTree,1,1
DecisionTree,0,0
DecisionTree,0,0
DecisionTree,0,0
DecisionTree,0,0
DecisionTree,0,0
DecisionTree,0,0
DecisionTree,0,0
DecisionTree,0,0
DecisionTree,0,0
DecisionTree,0,0
DecisionTree,0,0
DecisionTree,1,1
DecisionTree,0,0
DecisionTree,0,0
DecisionTree,1,1
DecisionTree,0,0
DecisionTree,0,0
DecisionTree,0,0
DecisionTree,0,0
DecisionTree,1,1
DecisionTree,0,0
DecisionTree,0,0
DecisionTree,0,0
DecisionTree,0,0
DecisionTree,0,0
DecisionTree,0,0
DecisionTree,1,1
DecisionTree,0,0
DecisionTree,0,0
DecisionTree,1,1
DecisionTree,0,0
DecisionTree,0,0
DecisionTree,0,0
DecisionTree,0,0
DecisionTree,0,0
DecisionTree,0,0
DecisionTree,1,1
DecisionTree,1,1
DecisionTree,1,1
DecisionTree,0,0
DecisionTree,0,0
DecisionTree,0,0
DecisionTree,0,0
DecisionTree,0,0
DecisionTree,0,0
DecisionTree,0,0
DecisionTree,0,0
DecisionTree,0,0
DecisionTree,1,1
DecisionTree,0,0
DecisionTree,0,0
DecisionTree,0,0
DecisionTree,0,0
DecisionTree,0,0
DecisionTree,0,0
DecisionTree,0,0
DecisionTree,0,0
DecisionTree,0,0
DecisionTree,1,1
DecisionTree,0,0
DecisionTree,0,0
DecisionTree,0,0
DecisionTree,0,0
DecisionTree,0,0
DecisionTree,0,0
DecisionTree,0,0
DecisionTree,1,0
DecisionTree,0,0
DecisionTree,0,0
DecisionTree,0,0
DecisionTree,0,0
DecisionTree,0,0
DecisionTree,0,0
DecisionTree,0,0
DecisionTree,1,1
DecisionTree,1,1
DecisionTree,0,0
DecisionTree,0,0
DecisionTree,0,0
DecisionTree,0,0
DecisionTree,0,0
DecisionTree,0,0
DecisionTree,0,0
DecisionTree,0,0
DecisionTree,1,1
DecisionTree,0,0
DecisionTree,0,0
DecisionTree,0,0
DecisionTree,0,0
DecisionTree,0,0
DecisionTree,0,0
DecisionTree,0,0
DecisionTree,1,1
DecisionTree,0,0
DecisionTree,1,1
DecisionTree,0,0
DecisionTree,0,0
DecisionTree,0,0
DecisionTree,0,0
DecisionTree,0,0
DecisionTree,0,0
DecisionTree,1,1
DecisionTree,1,1
DecisionTree,0,0
DecisionTree,0,0
DecisionTree,0,0
DecisionTree,0,0
DecisionTree,0,0
DecisionTree,0,0
DecisionTree,0,0
DecisionTree,1,1
DecisionTree,0,0
DecisionTree,0,0
DecisionTree,0,0
DecisionTree,0,0
DecisionTree,0,0
DecisionTree,1,1
DecisionTree,0,0
DecisionTree,0,0
DecisionTree,0,0
DecisionTree,1,1
DecisionTree,0,0
DecisionTree,1,1
DecisionTree,0,0
DecisionTree,0,0
DecisionTree,0,0
DecisionTree,0,0
DecisionTree,1,1
DecisionTree,0,0
DecisionTree,0,0
DecisionTree,0,0
DecisionTree,0,0
DecisionTree,0,0
DecisionTree,1,1
DecisionTree,0,0
DecisionTree,0,0
DecisionTree,0,0
DecisionTree,0,0
DecisionTree,1,1
DecisionTree,0,0
DecisionTree,0,0
DecisionTree,0,0
DecisionTree,0,0
DecisionTree,0,0
DecisionTree,1,1
DecisionTree,0,0
DecisionTree,1,1
DecisionTree,0,0
DecisionTree,0,0
DecisionTree,0,0
DecisionTree,0,0
DecisionTree,0,0
DecisionTree,0,0
DecisionTree,0,0
DecisionTree,0,0
DecisionTree,0,0
DecisionTree,0,0
DecisionTree,0,0
DecisionTree,1,1
DecisionTree,0,0
DecisionTree,1,1
DecisionTree,1,1
DecisionTree,0,0
DecisionTree,0,0
DecisionTree,0,0
DecisionTree,1,1
DecisionTree,0,0
DecisionTree,1,1
DecisionTree,0,0
DecisionTree,0,0
DecisionTree,0,0
DecisionTree,0,0
DecisionTree,0,0
DecisionTree,1,1
DecisionTree,0,0
DecisionTree,0,0
DecisionTree,0,0
DecisionTree,0,0
DecisionTree,1,1
DecisionTree,0,0
DecisionTree,0,0
DecisionTree,1,1
DecisionTree,0,0
DecisionTree,0,0
DecisionTree,0,0
DecisionTree,0,0
DecisionTree,1,1
DecisionTree,0,0
DecisionTree,0,0
DecisionTree,1,0
DecisionTree,0,0
DecisionTree,0,0
DecisionTree,0,0
DecisionTree,0,0
DecisionTree,0,0
DecisionTree,0,0
DecisionTree,0,0
DecisionTree,0,0
DecisionTree,0,0
DecisionTree,0,0
DecisionTree,0,0
DecisionTree,0,0
DecisionTree,1,1
DecisionTree,0,0
DecisionTree,0,0
DecisionTree,0,0
DecisionTree,0,0
DecisionTree,0,0
DecisionTree,0,0
DecisionTree,0,0
DecisionTree,0,0
DecisionTree,0,0
DecisionTree,0,0
DecisionTree,0,0
DecisionTree,0,0
DecisionTree,0,0
DecisionTree,0,0
DecisionTree,1,1
DecisionTree,0,0
DecisionTree,1,1
DecisionTree,0,0
DecisionTree,0,0
DecisionTree,0,0
DecisionTree,0,0
DecisionTree,0,0
DecisionTree,0,0
DecisionTree,0,0
DecisionTree,0,0
DecisionTree,0,0
DecisionTree,1,1
DecisionTree,0,0
DecisionTree,0,0
DecisionTree,0,0
DecisionTree,0,0
DecisionTree,1,1
DecisionTree,0,0
DecisionTree,0,0
DecisionTree,0,0
DecisionTree,0,0
DecisionTree,0,0
DecisionTree,0,0
DecisionTree,0,0
DecisionTree,0,0
DecisionTree,0,0
DecisionTree,0,0
DecisionTree,0,0
DecisionTree,0,0
DecisionTree,0,0
DecisionTree,0,0
DecisionTree,0,0
DecisionTree,0,0
DecisionTree,0,0
DecisionTree,0,0
DecisionTree,0,0
DecisionTree,0,0
DecisionTree,0,0
DecisionTree,0,0
DecisionTree,0,0
DecisionTree,0,0
DecisionTree,0,0
DecisionTree,0,0
DecisionTree,0,0
DecisionTree,1,1
DecisionTree,0,0
DecisionTree,0,0
DecisionTree,0,0
DecisionTree,0,0
DecisionTree,0,0
DecisionTree,0,0
DecisionTree,0,0
DecisionTree,0,0
DecisionTree,0,0
DecisionTree,0,0
DecisionTree,0,0
DecisionTree,1,1
DecisionTree,0,0
DecisionTree,1,1
DecisionTree,1,1
DecisionTree,0,0
DecisionTree,0,0
DecisionTree,0,0
DecisionTree,0,0
DecisionTree,0,0
DecisionTree,0,0
DecisionTree,0,1
DecisionTree,0,0
DecisionTree,0,0
DecisionTree,0,0
DecisionTree,0,0
DecisionTree,0,0
DecisionTree,0,0
DecisionTree,0,0
DecisionTree,1,1
DecisionTree,0,0
DecisionTree,0,0
DecisionTree,0,0
DecisionTree,1,1
DecisionTree,0,0
DecisionTree,0,0
DecisionTree,0,0
DecisionTree,0,0
DecisionTree,0,0
DecisionTree,1,1
DecisionTree,0,0
DecisionTree,0,0
DecisionTree,0,0
DecisionTree,0,0
DecisionTree,0,0
DecisionTree,0,0
DecisionTree,0,0
DecisionTree,0,0
DecisionTree,0,0
DecisionTree,0,0
DecisionTree,0,0
DecisionTree,1,1
DecisionTree,0,0
DecisionTree,0,0
DecisionTree,1,1
DecisionTree,0,0
DecisionTree,0,0
DecisionTree,0,0
DecisionTree,0,0
DecisionTree,0,0
DecisionTree,0,0
DecisionTree,0,0
DecisionTree,0,0
DecisionTree,0,0
DecisionTree,0,0
DecisionTree,1,1
DecisionTree,0,0
DecisionTree,0,0
DecisionTree,1,1
DecisionTree,0,0
DecisionTree,0,0
DecisionTree,0,0
DecisionTree,0,0
DecisionTree,0,0
DecisionTree,0,0
DecisionTree,0,0
DecisionTree,1,1
DecisionTree,1,1
DecisionTree,0,0
DecisionTree,0,0
DecisionTree,0,0
DecisionTree,0,0
DecisionTree,0,0
DecisionTree,0,0
DecisionTree,0,0
DecisionTree,0,0
DecisionTree,0,0
DecisionTree,0,0
DecisionTree,0,0
DecisionTree,0,0
DecisionTree,0,0
DecisionTree,0,0
DecisionTree,0,0
DecisionTree,1,1
DecisionTree,0,1
DecisionTree,0,0
DecisionTree,1,1
DecisionTree,0,0
DecisionTree,0,0
DecisionTree,0,0
DecisionTree,1,1
DecisionTree,0,0
DecisionTree,0,0
DecisionTree,0,0
DecisionTree,0,0
DecisionTree,1,1
DecisionTree,1,1
DecisionTree,0,0
DecisionTree,0,0
DecisionTree,1,1
DecisionTree,1,1
DecisionTree,0,0
DecisionTree,0,0
DecisionTree,0,0
DecisionTree,0,0
DecisionTree,0,0
DecisionTree,0,0
DecisionTree,0,0
DecisionTree,1,1
DecisionTree,0,0
DecisionTree,0,0
DecisionTree,0,0
DecisionTree,0,0
DecisionTree,0,0
DecisionTree,0,0
DecisionTree,0,0
DecisionTree,1,1
DecisionTree,1,1
DecisionTree,0,0
DecisionTree,0,0
DecisionTree,1,0
DecisionTree,0,0
DecisionTree,0,0
DecisionTree,0,0
DecisionTree,0,0
DecisionTree,1,1
DecisionTree,0,0
DecisionTree,1,1
DecisionTree,0,0
DecisionTree,0,0
DecisionTree,0,0
DecisionTree,0,0
DecisionTree,0,0
DecisionTree,0,0
DecisionTree,0,0
DecisionTree,0,0
DecisionTree,0,0
DecisionTree,1,1
DecisionTree,0,0
DecisionTree,0,0
DecisionTree,0,0
DecisionTree,1,0
DecisionTree,1,1
DecisionTree,0,0
DecisionTree,1,1
DecisionTree,1,1
DecisionTree,0,0
DecisionTree,0,0
DecisionTree,0,0
DecisionTree,0,0
DecisionTree,0,0
DecisionTree,0,0
DecisionTree,0,0
DecisionTree,0,0
DecisionTree,0,0
DecisionTree,0,0
DecisionTree,0,0
DecisionTree,0,0
DecisionTree,0,0
DecisionTree,0,0
DecisionTree,0,0
DecisionTree,1,1
DecisionTree,0,0
DecisionTree,0,0
DecisionTree,1,1
DecisionTree,0,0
DecisionTree,0,0
DecisionTree,0,0
DecisionTree,0,0
DecisionTree,0,0
DecisionTree,0,0
DecisionTree,1,1
DecisionTree,0,0
DecisionTree,1,1
DecisionTree,1,1
DecisionTree,0,0
DecisionTree,0,0
DecisionTree,0,0
DecisionTree,0,0
DecisionTree,0,0
DecisionTree,0,0
DecisionTree,0,0
DecisionTree,1,1
DecisionTree,0,0
DecisionTree,0,0
DecisionTree,0,0
DecisionTree,0,0
DecisionTree,0,0
DecisionTree,0,0
DecisionTree,1,1
DecisionTree,0,0
DecisionTree,0,0
DecisionTree,0,0
DecisionTree,0,0
DecisionTree,0,0
DecisionTree,0,0
DecisionTree,0,0
DecisionTree,0,0
DecisionTree,0,0
DecisionTree,0,0
DecisionTree,1,1
DecisionTree,0,0
DecisionTree,0,0
DecisionTree,1,1
DecisionTree,0,0
DecisionTree,0,0
DecisionTree,0,0
DecisionTree,0,0
DecisionTree,0,1
DecisionTree,0,0
DecisionTree,0,0
DecisionTree,0,0
DecisionTree,0,0
DecisionTree,1,1
DecisionTree,1,1
DecisionTree,0,0
DecisionTree,0,0
DecisionTree,0,0
DecisionTree,1,1
DecisionTree,0,0
DecisionTree,0,0
DecisionTree,0,0
DecisionTree,0,0
DecisionTree,0,0
DecisionTree,0,0
DecisionTree,0,0
DecisionTree,0,0
DecisionTree,0,0
DecisionTree,0,0
DecisionTree,1,1
DecisionTree,0,0
DecisionTree,0,0
DecisionTree,0,0
DecisionTree,0,0
DecisionTree,1,1
DecisionTree,0,0
DecisionTree,1,1
DecisionTree,0,1
DecisionTree,0,0
DecisionTree,0,0
DecisionTree,0,0
DecisionTree,1,1
DecisionTree,0,0
DecisionTree,0,0
DecisionTree,0,0
DecisionTree,1,1
DecisionTree,0,0
DecisionTree,0,0
DecisionTree,0,0
DecisionTree,0,0
DecisionTree,0,0
DecisionTree,0,0
DecisionTree,0,0
DecisionTree,0,0
DecisionTree,0,0
DecisionTree,0,0
DecisionTree,0,0
DecisionTree,0,0
DecisionTree,0,0
DecisionTree,0,0
DecisionTree,0,0
DecisionTree,0,0
DecisionTree,0,0
DecisionTree,0,0
DecisionTree,1,1
DecisionTree,0,0
DecisionTree,0,0
DecisionTree,0,0
DecisionTree,0,0
DecisionTree,0,0
DecisionTree,0,0
DecisionTree,0,0
DecisionTree,0,0
DecisionTree,0,0
DecisionTree,0,0
DecisionTree,0,0
DecisionTree,0,0
DecisionTree,0,0
DecisionTree,0,0
DecisionTree,0,0
DecisionTree,0,0
DecisionTree,0,0
DecisionTree,0,0
DecisionTree,1,1
DecisionTree,0,0
DecisionTree,0,1
DecisionTree,0,0
DecisionTree,0,0
DecisionTree,0,0
DecisionTree,0,0
DecisionTree,0,0
DecisionTree,0,0
DecisionTree,0,0
DecisionTree,0,0
DecisionTree,0,0
DecisionTree,1,1
DecisionTree,0,0
DecisionTree,0,0
DecisionTree,0,0
DecisionTree,0,0
DecisionTree,0,0
DecisionTree,0,0
DecisionTree,0,0
DecisionTree,0,0
DecisionTree,0,0
DecisionTree,0,0
DecisionTree,0,0
DecisionTree,0,0
DecisionTree,0,0
DecisionTree,0,0
DecisionTree,0,0
DecisionTree,1,1
DecisionTree,0,0
DecisionTree,0,0
DecisionTree,0,0
DecisionTree,0,0
DecisionTree,0,0
DecisionTree,0,0
DecisionTree,0,0
DecisionTree,1,1
DecisionTree,1,1
DecisionTree,0,0
DecisionTree,0,0
DecisionTree,0,0
DecisionTree,1,1
DecisionTree,1,1
DecisionTree,0,0
DecisionTree,1,1
DecisionTree,0,0
DecisionTree,1,1
DecisionTree,1,1
DecisionTree,0,0
DecisionTree,0,0
DecisionTree,0,0
DecisionTree,0,0
DecisionTree,0,0
DecisionTree,1,1
DecisionTree,0,0
DecisionTree,0,0
DecisionTree,0,0
DecisionTree,1,1
DecisionTree,0,0
DecisionTree,1,1
DecisionTree,0,0
DecisionTree,1,1
DecisionTree,0,0
DecisionTree,0,0
DecisionTree,1,1
DecisionTree,0,0
DecisionTree,0,0
DecisionTree,0,0
DecisionTree,0,0
DecisionTree,0,0
DecisionTree,0,0
DecisionTree,1,1
DecisionTree,1,1
DecisionTree,0,0
DecisionTree,0,0
DecisionTree,0,0
DecisionTree,1,1
DecisionTree,0,0
DecisionTree,1,1
DecisionTree,0,0
DecisionTree,0,0
DecisionTree,0,0
DecisionTree,0,0
DecisionTree,0,0
DecisionTree,0,0
DecisionTree,0,0
DecisionTree,0,0
DecisionTree,1,1
DecisionTree,0,0
DecisionTree,1,1
DecisionTree,0,0
DecisionTree,0,0
DecisionTree,0,0
DecisionTree,0,0
DecisionTree,0,0
DecisionTree,0,0
DecisionTree,0,0
DecisionTree,0,0
DecisionTree,0,0
DecisionTree,0,0
DecisionTree,0,0
DecisionTree,0,0
DecisionTree,0,0
DecisionTree,1,1
DecisionTree,1,1
DecisionTree,0,0
DecisionTree,0,0
DecisionTree,0,0
DecisionTree,1,1
DecisionTree,0,0
DecisionTree,1,1
DecisionTree,0,0
DecisionTree,1,1
DecisionTree,1,1
DecisionTree,1,0
DecisionTree,0,0
DecisionTree,0,0
DecisionTree,0,0
DecisionTree,1,1
DecisionTree,0,0
DecisionTree,1,1
DecisionTree,0,0
DecisionTree,0,0
DecisionTree,1,1
DecisionTree,1,1
DecisionTree,0,0
DecisionTree,1,1
DecisionTree,0,0
DecisionTree,0,0
DecisionTree,0,0
DecisionTree,0,0
DecisionTree,1,1
DecisionTree,0,0
DecisionTree,0,0
DecisionTree,0,0
DecisionTree,0,0
DecisionTree,0,0
DecisionTree,1,1
DecisionTree,0,0
DecisionTree,0,0
DecisionTree,0,0
DecisionTree,0,0
DecisionTree,0,0
DecisionTree,0,0
DecisionTree,0,0
DecisionTree,1,1
DecisionTree,0,0
DecisionTree,0,0
DecisionTree,0,0
DecisionTree,0,0
DecisionTree,0,0
DecisionTree,1,1
DecisionTree,0,0
DecisionTree,0,0
DecisionTree,0,0
DecisionTree,1,1
DecisionTree,0,0
DecisionTree,1,1
DecisionTree,0,0
DecisionTree,0,0
DecisionTree,0,0
DecisionTree,1,1
DecisionTree,0,0
DecisionTree,1,1
DecisionTree,0,0
DecisionTree,0,0
DecisionTree,1,1
DecisionTree,0,0
DecisionTree,1,1
DecisionTree,0,0
DecisionTree,0,0
DecisionTree,0,0
DecisionTree,0,0
DecisionTree,0,0
DecisionTree,0,0
DecisionTree,1,1
DecisionTree,0,0
DecisionTree,0,0
DecisionTree,0,0
DecisionTree,0,0
DecisionTree,0,0
DecisionTree,0,0
DecisionTree,0,0
DecisionTree,0,0
DecisionTree,0,0
DecisionTree,0,0
DecisionTree,0,0
DecisionTree,0,0
DecisionTree,0,0
DecisionTree,0,0
DecisionTree,0,0
DecisionTree,0,0
DecisionTree,0,0
DecisionTree,1,1
DecisionTree,0,0
DecisionTree,0,0
DecisionTree,0,1
RandomForest,0,0
RandomForest,0,0
RandomForest,0,0
RandomForest,0,0
RandomForest,1,1
RandomForest,0,0
RandomForest,0,0
RandomForest,0,0
RandomForest,0,0
RandomForest,0,0
RandomForest,0,0
RandomForest,0,0
RandomForest,0,0
RandomForest,0,0
RandomForest,0,0
RandomForest,0,0
RandomForest,0,0
RandomForest,0,0
RandomForest,0,0
RandomForest,0,0
RandomForest,0,0
RandomForest,0,0
RandomForest,0,0
RandomForest,0,0
RandomForest,0,0
RandomForest,0,0
RandomForest,0,0
RandomForest,0,0
RandomForest,0,0
RandomForest,0,0
RandomForest,0,0
RandomForest,0,0
RandomForest,1,1
RandomForest,0,0
RandomForest,0,0
RandomForest,0,0
RandomForest,0,0
RandomForest,0,0
RandomForest,1,1
RandomForest,0,0
RandomForest,0,0
RandomForest,0,0
RandomForest,0,0
RandomForest,1,1
RandomForest,0,0
RandomForest,0,0
RandomForest,1,1
RandomForest,0,0
RandomForest,0,0
RandomForest,0,0
RandomForest,1,1
RandomForest,0,1
RandomForest,0,0
RandomForest,0,0
RandomForest,0,0
RandomForest,0,0
RandomForest,0,0
RandomForest,0,0
RandomForest,0,0
RandomForest,0,0
RandomForest,1,1
RandomForest,0,0
RandomForest,0,0
RandomForest,1,1
RandomForest,0,0
RandomForest,0,0
RandomForest,1,1
RandomForest,0,1
RandomForest,0,0
RandomForest,0,0
RandomForest,0,0
RandomForest,1,1
RandomForest,0,0
RandomForest,0,0
RandomForest,0,0
RandomForest,0,0
RandomForest,0,0
RandomForest,0,0
RandomForest,1,1
RandomForest,0,0
RandomForest,0,0
RandomForest,0,0
RandomForest,0,0
RandomForest,0,0
RandomForest,0,0
RandomForest,0,0
RandomForest,1,1
RandomForest,0,0
RandomForest,0,0
RandomForest,0,0
RandomForest,0,0
RandomForest,0,0
RandomForest,0,0
RandomForest,0,0
RandomForest,0,0
RandomForest,0,0
RandomForest,0,0
RandomForest,0,0
RandomForest,0,0
RandomForest,0,0
RandomForest,0,0
RandomForest,0,0
RandomForest,0,0
RandomForest,1,1
RandomForest,0,0
RandomForest,0,0
RandomForest,1,1
RandomForest,0,0
RandomForest,0,0
RandomForest,1,1
RandomForest,1,1
RandomForest,0,0
RandomForest,1,0
RandomForest,0,0
RandomForest,0,0
RandomForest,0,0
RandomForest,0,0
RandomForest,0,0
RandomForest,0,0
RandomForest,0,0
RandomForest,0,0
RandomForest,1,1
RandomForest,0,0
RandomForest,0,0
RandomForest,0,0
RandomForest,0,0
RandomForest,0,0
RandomForest,0,0
RandomForest,0,0
RandomForest,1,1
RandomForest,0,0
RandomForest,0,0
RandomForest,0,0
RandomForest,1,1
RandomForest,0,0
RandomForest,0,0
RandomForest,0,0
RandomForest,0,0
RandomForest,0,0
RandomForest,0,0
RandomForest,1,1
RandomForest,0,0
RandomForest,1,1
RandomForest,0,1
RandomForest,0,0
RandomForest,0,0
RandomForest,0,0
RandomForest,0,0
RandomForest,0,0
RandomForest,0,0
RandomForest,0,0
RandomForest,0,0
RandomForest,0,0
RandomForest,0,0
RandomForest,0,0
RandomForest,0,0
RandomForest,1,1
RandomForest,0,0
RandomForest,0,0
RandomForest,0,1
RandomForest,0,0
RandomForest,0,0
RandomForest,0,0
RandomForest,0,0
RandomForest,0,0
RandomForest,0,0
RandomForest,0,0
RandomForest,0,0
RandomForest,0,0
RandomForest,0,0
RandomForest,0,0
RandomForest,0,0
RandomForest,0,0
RandomForest,0,0
RandomForest,0,0
RandomForest,0,0
RandomForest,0,0
RandomForest,0,0
RandomForest,0,0
RandomForest,0,0
RandomForest,0,0
RandomForest,0,0
RandomForest,0,0
RandomForest,0,0
RandomForest,0,0
RandomForest,0,0
RandomForest,0,0
RandomForest,0,0
RandomForest,1,0
RandomForest,1,1
RandomForest,0,0
RandomForest,0,0
RandomForest,0,0
RandomForest,0,0
RandomForest,0,0
RandomForest,0,0
RandomForest,0,0
RandomForest,1,1
RandomForest,0,0
RandomForest,0,0
RandomForest,0,0
RandomForest,0,0
RandomForest,0,0
RandomForest,0,0
RandomForest,1,0
RandomForest,0,0
RandomForest,0,0
RandomForest,0,0
RandomForest,0,0
RandomForest,0,0
RandomForest,0,0
RandomForest,0,0
RandomForest,0,0
RandomForest,0,0
RandomForest,0,0
RandomForest,0,0
RandomForest,0,0
RandomForest,0,0
RandomForest,0,0
RandomForest,1,1
RandomForest,0,0
RandomForest,0,0
RandomForest,1,1
RandomForest,0,0
RandomForest,0,0
RandomForest,1,1
RandomForest,0,0
RandomForest,0,0
RandomForest,0,0
RandomForest,0,0
RandomForest,1,1
RandomForest,0,0
RandomForest,0,0
RandomForest,0,0
RandomForest,0,0
RandomForest,1,1
RandomForest,0,0
RandomForest,0,0
RandomForest,0,0
RandomForest,0,0
RandomForest,0,0
RandomForest,0,0
RandomForest,0,0
RandomForest,1,1
RandomForest,0,0
RandomForest,0,0
RandomForest,0,0
RandomForest,0,0
RandomForest,0,0
RandomForest,0,0
RandomForest,0,0
RandomForest,0,0
RandomForest,0,0
RandomForest,0,0
RandomForest,0,0
RandomForest,0,0
RandomForest,0,0
RandomForest,0,0
RandomForest,0,0
RandomForest,0,0
RandomForest,0,0
RandomForest,0,0
RandomForest,0,0
RandomForest,0,0
RandomForest,0,0
RandomForest,0,0
RandomForest,0,0
RandomForest,0,0
RandomForest,0,0
RandomForest,1,1
RandomForest,0,0
RandomForest,1,1
RandomForest,0,0
RandomForest,0,0
RandomForest,0,0
RandomForest,0,0
RandomForest,0,0
RandomForest,0,0
RandomForest,0,0
RandomForest,0,0
RandomForest,0,0
RandomForest,0,0
RandomForest,0,0
RandomForest,1,1
RandomForest,0,0
RandomForest,0,0
RandomForest,0,0
RandomForest,0,0
RandomForest,0,0
RandomForest,0,0
RandomForest,0,0
RandomForest,0,0
RandomForest,0,0
RandomForest,0,0
RandomForest,1,1
RandomForest,0,0
RandomForest,0,0
RandomForest,0,0
RandomForest,1,1
RandomForest,1,1
RandomForest,1,1
RandomForest,0,0
RandomForest,0,0
RandomForest,0,0
RandomForest,0,0
RandomForest,0,0
RandomForest,0,0
RandomForest,1,1
RandomForest,0,0
RandomForest,1,1
RandomForest,0,0
RandomForest,0,0
RandomForest,0,0
RandomForest,1,1
RandomForest,0,0
RandomForest,0,0
RandomForest,0,0
RandomForest,0,0
RandomForest,1,0
RandomForest,0,0
RandomForest,0,0
RandomForest,0,0
RandomForest,1,1
RandomForest,1,1
RandomForest,1,1
RandomForest,0,0
RandomForest,0,0
RandomForest,1,1
RandomForest,0,0
RandomForest,0,0
RandomForest,0,0
RandomForest,0,0
RandomForest,0,0
RandomForest,0,0
RandomForest,0,0
RandomForest,0,0
RandomForest,0,0
RandomForest,0,0
RandomForest,0,0
RandomForest,0,0
RandomForest,0,0
RandomForest,0,0
RandomForest,0,0
RandomForest,0,0
RandomForest,0,0
RandomForest,0,1
RandomForest,0,0
RandomForest,0,0
RandomForest,0,0
RandomForest,0,0
RandomForest,1,1
RandomForest,0,0
RandomForest,0,0
RandomForest,0,0
RandomForest,0,0
RandomForest,0,0
RandomForest,0,0
RandomForest,0,0
RandomForest,0,0
RandomForest,0,0
RandomForest,0,0
RandomForest,0,0
RandomForest,0,0
RandomForest,0,0
RandomForest,0,1
RandomForest,0,0
RandomForest,0,0
RandomForest,1,1
RandomForest,0,0
RandomForest,1,0
RandomForest,0,0
RandomForest,0,0
RandomForest,0,0
RandomForest,0,1
RandomForest,1,1
RandomForest,0,0
RandomForest,0,0
RandomForest,0,0
RandomForest,0,0
RandomForest,1,1
RandomForest,0,0
RandomForest,0,0
RandomForest,0,0
RandomForest,0,0
RandomForest,0,0
RandomForest,0,0
RandomForest,0,0
RandomForest,1,1
RandomForest,0,0
RandomForest,0,0
RandomForest,0,0
RandomForest,0,0
RandomForest,0,0
RandomForest,0,0
RandomForest,0,0
RandomForest,0,0
RandomForest,0,0
RandomForest,0,0
RandomForest,0,0
RandomForest,1,1
RandomForest,1,1
RandomForest,0,0
RandomForest,0,0
RandomForest,0,0
RandomForest,1,1
RandomForest,0,0
RandomForest,0,0
RandomForest,0,0
RandomForest,0,0
RandomForest,1,1
RandomForest,0,0
RandomForest,0,0
RandomForest,1,1
RandomForest,0,0
RandomForest,0,1
RandomForest,0,0
RandomForest,0,0
RandomForest,0,0
RandomForest,0,0
RandomForest,0,0
RandomForest,0,0
RandomForest,0,0
RandomForest,1,1
RandomForest,0,0
RandomForest,0,0
RandomForest,0,0
RandomForest,0,0
RandomForest,0,0
RandomForest,0,0
RandomForest,0,0
RandomForest,0,0
RandomForest,1,1
RandomForest,1,1
RandomForest,0,0
RandomForest,0,1
RandomForest,0,0
RandomForest,0,0
RandomForest,0,0
RandomForest,0,0
RandomForest,0,0
RandomForest,0,0
RandomForest,0,0
RandomForest,0,0
RandomForest,0,0
RandomForest,1,1
RandomForest,0,0
RandomForest,0,0
RandomForest,1,1
RandomForest,0,0
RandomForest,0,0
RandomForest,0,0
RandomForest,0,0
RandomForest,1,1
RandomForest,0,0
RandomForest,0,0
RandomForest,0,0
RandomForest,0,0
RandomForest,0,0
RandomForest,0,0
RandomForest,1,1
RandomForest,0,0
RandomForest,0,0
RandomForest,1,1
RandomForest,0,0
RandomForest,0,0
RandomForest,0,0
RandomForest,0,0
RandomForest,0,0
RandomForest,0,0
RandomForest,1,1
RandomForest,1,1
RandomForest,1,1
RandomForest,0,0
RandomForest,0,0
RandomForest,0,0
RandomForest,0,0
RandomForest,0,0
RandomForest,0,0
RandomForest,0,0
RandomForest,0,0
RandomForest,0,0
RandomForest,1,1
RandomForest,0,0
RandomForest,0,0
RandomForest,0,0
RandomForest,0,0
RandomForest,0,0
RandomForest,0,0
RandomForest,0,0
RandomForest,0,0
RandomForest,0,0
RandomForest,1,1
RandomForest,0,0
RandomForest,0,0
RandomForest,0,0
RandomForest,0,0
RandomForest,0,0
RandomForest,0,0
RandomForest,0,0
RandomForest,1,1
RandomForest,0,0
RandomForest,0,0
RandomForest,0,0
RandomForest,0,0
RandomForest,0,0
RandomForest,0,0
RandomForest,0,0
RandomForest,1,1
RandomForest,1,1
RandomForest,0,0
RandomForest,0,0
RandomForest,0,0
RandomForest,0,0
RandomForest,0,0
RandomForest,0,0
RandomForest,0,0
RandomForest,0,0
RandomForest,1,1
RandomForest,0,0
RandomForest,0,0
RandomForest,0,0
RandomForest,0,0
RandomForest,0,0
RandomForest,0,0
RandomForest,0,0
RandomForest,1,1
RandomForest,0,0
RandomForest,1,1
RandomForest,0,0
RandomForest,0,0
RandomForest,0,0
RandomForest,0,0
RandomForest,0,0
RandomForest,0,0
RandomForest,1,1
RandomForest,1,1
RandomForest,0,0
RandomForest,0,0
RandomForest,0,0
RandomForest,0,0
RandomForest,0,0
RandomForest,0,0
RandomForest,0,0
RandomForest,1,1
RandomForest,0,0
RandomForest,0,0
RandomForest,0,0
RandomForest,0,0
RandomForest,0,0
RandomForest,1,1
RandomForest,0,0
RandomForest,0,0
RandomForest,0,0
RandomForest,1,1
RandomForest,0,0
RandomForest,1,1
RandomForest,0,0
RandomForest,0,0
RandomForest,0,0
RandomForest,0,0
RandomForest,1,1
RandomForest,0,0
RandomForest,0,0
RandomForest,0,0
RandomForest,0,0
RandomForest,0,0
RandomForest,1,1
RandomForest,0,0
RandomForest,0,0
RandomForest,0,0
RandomForest,0,0
RandomForest,1,1
RandomForest,0,0
RandomForest,0,0
RandomForest,0,0
RandomForest,0,0
RandomForest,0,0
RandomForest,1,1
RandomForest,0,0
RandomForest,1,1
RandomForest,0,0
RandomForest,0,0
RandomForest,0,0
RandomForest,0,0
RandomForest,0,0
RandomForest,0,0
RandomForest,0,0
RandomForest,0,0
RandomForest,0,0
RandomForest,0,0
RandomForest,0,0
RandomForest,1,1
RandomForest,0,0
RandomForest,1,1
RandomForest,1,1
RandomForest,0,0
RandomForest,0,0
RandomForest,0,0
RandomForest,1,1
RandomForest,0,0
RandomForest,1,1
RandomForest,0,0
RandomForest,0,0
RandomForest,0,0
RandomForest,0,0
RandomForest,0,0
RandomForest,1,1
RandomForest,0,0
RandomForest,0,0
RandomForest,0,0
RandomForest,0,0
RandomForest,1,1
RandomForest,0,0
RandomForest,0,0
RandomForest,1,0
RandomForest,0,0
RandomForest,0,0
RandomForest,0,0
RandomForest,0,0
RandomForest,1,1
RandomForest,0,0
RandomForest,0,0
RandomForest,1,1
RandomForest,0,0
RandomForest,0,0
RandomForest,0,0
RandomForest,0,0
RandomForest,0,0
RandomForest,0,0
RandomForest,0,0
RandomForest,0,0
RandomForest,0,0
RandomForest,0,0
RandomForest,0,0
RandomForest,0,0
RandomForest,1,0
RandomForest,0,0
RandomForest,0,0
RandomForest,0,0
RandomForest,0,0
RandomForest,0,0
RandomForest,0,0
RandomForest,0,0
RandomForest,0,0
RandomForest,0,0
RandomForest,0,0
RandomForest,0,0
RandomForest,0,0
RandomForest,0,0
RandomForest,0,0
RandomForest,1,1
RandomForest,0,0
RandomForest,1,1
RandomForest,0,0
RandomForest,0,0
RandomForest,0,0
RandomForest,0,0
RandomForest,0,0
RandomForest,0,0
RandomForest,0,0
RandomForest,0,0
RandomForest,0,0
RandomForest,1,1
RandomForest,0,0
RandomForest,0,0
RandomForest,0,0
RandomForest,0,0
RandomForest,1,1
RandomForest,0,0
RandomForest,0,0
RandomForest,0,0
RandomForest,0,0
RandomForest,0,0
RandomForest,0,0
RandomForest,0,0
RandomForest,0,0
RandomForest,0,0
RandomForest,0,0
RandomForest,0,0
RandomForest,0,0
RandomForest,0,0
RandomForest,0,0
RandomForest,0,0
RandomForest,0,0
RandomForest,0,0
RandomForest,0,0
RandomForest,0,0
RandomForest,0,0
RandomForest,0,0
RandomForest,0,0
RandomForest,0,0
RandomForest,0,0
RandomForest,0,0
RandomForest,0,0
RandomForest,0,0
RandomForest,1,1
RandomForest,0,0
RandomForest,0,0
RandomForest,0,0
RandomForest,0,0
RandomForest,0,0
RandomForest,0,0
RandomForest,0,0
RandomForest,0,0
RandomForest,0,0
RandomForest,0,0
RandomForest,0,0
RandomForest,1,1
RandomForest,0,0
RandomForest,1,1
RandomForest,1,1
RandomForest,0,0
RandomForest,0,0
RandomForest,0,0
RandomForest,0,0
RandomForest,0,0
RandomForest,0,0
RandomForest,0,1
RandomForest,0,0
RandomForest,0,0
RandomForest,0,0
RandomForest,0,0
RandomForest,0,0
RandomForest,0,0
RandomForest,0,0
RandomForest,1,1
RandomForest,0,0
RandomForest,0,0
RandomForest,0,0
RandomForest,1,0
RandomForest,0,0
RandomForest,0,0
RandomForest,0,0
RandomForest,0,0
RandomForest,0,0
RandomForest,1,1
RandomForest,0,0
RandomForest,0,0
RandomForest,0,0
RandomForest,0,0
RandomForest,0,0
RandomForest,0,0
RandomForest,0,0
RandomForest,0,0
RandomForest,0,0
RandomForest,0,0
RandomForest,0,0
RandomForest,1,1
RandomForest,0,0
RandomForest,0,0
RandomForest,1,1
RandomForest,0,0
RandomForest,0,0
RandomForest,0,0
RandomForest,0,0
RandomForest,0,0
RandomForest,0,0
RandomForest,0,0
RandomForest,0,0
RandomForest,0,0
RandomForest,0,0
RandomForest,1,1
RandomForest,0,0
RandomForest,0,0
RandomForest,1,1
RandomForest,0,0
RandomForest,0,0
RandomForest,0,0
RandomForest,0,0
RandomForest,0,0
RandomForest,0,0
RandomForest,0,0
RandomForest,1,1
RandomForest,1,1
RandomForest,0,0
RandomForest,0,1
RandomForest,0,0
RandomForest,0,0
RandomForest,0,0
RandomForest,0,0
RandomForest,0,0
RandomForest,0,0
RandomForest,0,0
RandomForest,0,1
RandomForest,0,0
RandomForest,0,0
RandomForest,0,0
RandomForest,0,0
RandomForest,0,0
RandomForest,1,1
RandomForest,0,1
RandomForest,0,0
RandomForest,1,1
RandomForest,0,0
RandomForest,0,0
RandomForest,0,0
RandomForest,1,1
RandomForest,0,0
RandomForest,0,0
RandomForest,0,0
RandomForest,0,0
RandomForest,1,1
RandomForest,1,1
RandomForest,0,0
RandomForest,0,0
RandomForest,1,1
RandomForest,1,1
RandomForest,0,0
RandomForest,0,0
RandomForest,0,0
RandomForest,0,0
RandomForest,0,0
RandomForest,0,0
RandomForest,0,0
RandomForest,1,1
RandomForest,0,0
RandomForest,0,0
RandomForest,0,0
RandomForest,0,0
RandomForest,0,0
RandomForest,0,0
RandomForest,0,0
RandomForest,1,1
RandomForest,1,1
RandomForest,0,0
RandomForest,0,0
RandomForest,1,1
RandomForest,0,0
RandomForest,0,0
RandomForest,0,0
RandomForest,0,0
RandomForest,1,1
RandomForest,0,0
RandomForest,1,1
RandomForest,0,0
RandomForest,0,0
RandomForest,0,0
RandomForest,0,0
RandomForest,0,0
RandomForest,0,0
RandomForest,0,0
RandomForest,0,0
RandomForest,0,0
RandomForest,1,1
RandomForest,0,0
RandomForest,0,0
RandomForest,0,0
RandomForest,1,1
RandomForest,1,1
RandomForest,0,0
RandomForest,1,1
RandomForest,1,1
RandomForest,0,1
RandomForest,0,0
RandomForest,0,0
RandomForest,0,0
RandomForest,0,0
RandomForest,0,0
RandomForest,0,0
RandomForest,0,0
RandomForest,0,0
RandomForest,0,0
RandomForest,0,0
RandomForest,0,0
RandomForest,0,0
RandomForest,0,0
RandomForest,0,0
RandomForest,1,1
RandomForest,0,0
RandomForest,0,0
RandomForest,1,1
RandomForest,0,0
RandomForest,0,0
RandomForest,0,0
RandomForest,0,0
RandomForest,0,0
RandomForest,0,0
RandomForest,1,1
RandomForest,0,0
RandomForest,1,1
RandomForest,1,1
RandomForest,0,0
RandomForest,0,0
RandomForest,0,0
RandomForest,0,0
RandomForest,0,0
RandomForest,0,0
RandomForest,0,0
RandomForest,1,1
RandomForest,0,0
RandomForest,0,0
RandomForest,0,0
RandomForest,0,0
RandomForest,0,0
RandomForest,0,0
RandomForest,1,1
RandomForest,0,0
RandomForest,0,0
RandomForest,0,0
RandomForest,0,0
RandomForest,0,0
RandomForest,0,0
RandomForest,0,0
RandomForest,0,0
RandomForest,0,0
RandomForest,0,0
RandomForest,1,1
RandomForest,0,0
RandomForest,0,0
RandomForest,1,1
RandomForest,0,0
RandomForest,0,0
RandomForest,0,0
RandomForest,0,0
RandomForest,0,0
RandomForest,0,0
RandomForest,0,0
RandomForest,0,0
RandomForest,0,0
RandomForest,1,0
RandomForest,1,1
RandomForest,0,0
RandomForest,0,0
RandomForest,0,0
RandomForest,1,1
RandomForest,0,0
RandomForest,0,0
RandomForest,0,0
RandomForest,0,0
RandomForest,0,0
RandomForest,0,0
RandomForest,0,0
RandomForest,0,0
RandomForest,0,0
RandomForest,0,0
RandomForest,1,1
RandomForest,0,0
RandomForest,0,0
RandomForest,0,0
RandomForest,0,0
RandomForest,1,1
RandomForest,0,0
RandomForest,1,1
RandomForest,0,1
RandomForest,0,0
RandomForest,0,0
RandomForest,0,0
RandomForest,1,1
RandomForest,0,0
RandomForest,0,0
RandomForest,0,0
RandomForest,1,1
RandomForest,0,0
RandomForest,0,0
RandomForest,0,0
RandomForest,0,0
RandomForest,0,0
RandomForest,0,0
RandomForest,0,0
RandomForest,0,0
RandomForest,0,0
RandomForest,0,0
RandomForest,0,0
RandomForest,0,0
RandomForest,0,0
RandomForest,0,0
RandomForest,0,0
RandomForest,0,0
RandomForest,0,0
RandomForest,0,0
RandomForest,1,1
RandomForest,0,0
RandomForest,0,0
RandomForest,0,0
RandomForest,0,0
RandomForest,0,0
RandomForest,0,0
RandomForest,0,0
RandomForest,0,0
RandomForest,0,0
RandomForest,0,0
RandomForest,0,0
RandomForest,0,0
RandomForest,0,0
RandomForest,0,0
RandomForest,0,0
RandomForest,0,0
RandomForest,0,0
RandomForest,0,0
RandomForest,1,1
RandomForest,0,0
RandomForest,0,1
RandomForest,0,0
RandomForest,0,0
RandomForest,0,0
RandomForest,0,0
RandomForest,0,0
RandomForest,0,0
RandomForest,0,0
RandomForest,0,0
RandomForest,0,0
RandomForest,1,0
RandomForest,0,0
RandomForest,0,0
RandomForest,0,0
RandomForest,0,0
RandomForest,0,0
RandomForest,0,0
RandomForest,0,0
RandomForest,0,0
RandomForest,0,0
RandomForest,0,0
RandomForest,0,0
RandomForest,0,0
RandomForest,0,0
RandomForest,0,0
RandomForest,0,0
RandomForest,1,0
RandomForest,0,0
RandomForest,0,0
RandomForest,0,0
RandomForest,0,0
RandomForest,0,0
RandomForest,0,0
RandomForest,0,0
RandomForest,1,1
RandomForest,1,1
RandomForest,0,0
RandomForest,0,0
RandomForest,0,0
RandomForest,1,1
RandomForest,1,1
RandomForest,0,0
RandomForest,1,1
RandomForest,0,0
RandomForest,1,1
RandomForest,1,1
RandomForest,0,0
RandomForest,0,0
RandomForest,0,0
RandomForest,0,0
RandomForest,0,0
RandomForest,1,1
RandomForest,0,0
RandomForest,0,0
RandomForest,0,0
RandomForest,1,1
RandomForest,0,0
RandomForest,1,1
RandomForest,0,0
RandomForest,1,1
RandomForest,0,0
RandomForest,0,0
RandomForest,1,1
RandomForest,0,0
RandomForest,0,0
RandomForest,0,0
RandomForest,0,0
RandomForest,0,0
RandomForest,0,0
RandomForest,1,1
RandomForest,1,1
RandomForest,0,0
RandomForest,0,0
RandomForest,0,0
RandomForest,1,1
RandomForest,0,0
RandomForest,1,1
RandomForest,0,0
RandomForest,0,0
RandomForest,0,0
RandomForest,0,0
RandomForest,0,0
RandomForest,0,0
RandomForest,0,0
RandomForest,0,0
RandomForest,1,1
RandomForest,0,0
RandomForest,1,1
RandomForest,0,0
RandomForest,0,0
RandomForest,0,0
RandomForest,0,0
RandomForest,0,0
RandomForest,0,0
RandomForest,0,0
RandomForest,0,0
RandomForest,0,0
RandomForest,0,0
RandomForest,0,0
RandomForest,0,0
RandomForest,0,0
RandomForest,1,1
RandomForest,1,1
RandomForest,0,0
RandomForest,0,0
RandomForest,0,0
RandomForest,1,1
RandomForest,0,0
RandomForest,1,1
RandomForest,0,0
RandomForest,1,1
RandomForest,1,1
RandomForest,1,1
RandomForest,0,0
RandomForest,0,0
RandomForest,0,0
RandomForest,1,1
RandomForest,0,0
RandomForest,1,1
RandomForest,0,0
RandomForest,0,0
RandomForest,1,0
RandomForest,1,1
RandomForest,0,0
RandomForest,1,1
RandomForest,0,0
RandomForest,0,0
RandomForest,0,0
RandomForest,0,0
RandomForest,1,1
RandomForest,0,0
RandomForest,0,0
RandomForest,0,0
RandomForest,0,0
RandomForest,0,0
RandomForest,1,1
RandomForest,0,0
RandomForest,0,0
RandomForest,0,0
RandomForest,0,0
RandomForest,0,0
RandomForest,0,0
RandomForest,0,0
RandomForest,1,1
RandomForest,0,0
RandomForest,0,0
RandomForest,0,0
RandomForest,0,0
RandomForest,0,0
RandomForest,1,1
RandomForest,0,0
RandomForest,0,0
RandomForest,0,0
RandomForest,1,1
RandomForest,0,0
RandomForest,1,1
RandomForest,0,0
RandomForest,0,0
RandomForest,0,0
RandomForest,1,1
RandomForest,0,0
RandomForest,1,1
RandomForest,0,0
RandomForest,0,0
RandomForest,1,1
RandomForest,0,0
RandomForest,1,1
RandomForest,0,0
RandomForest,0,0
RandomForest,0,0
RandomForest,0,0
RandomForest,0,0
RandomForest,0,0
RandomForest,1,1
RandomForest,0,0
RandomForest,0,0
RandomForest,0,0
RandomForest,0,0
RandomForest,0,0
RandomForest,0,0
RandomForest,0,0
RandomForest,0,0
RandomForest,0,0
RandomForest,0,0
RandomForest,0,0
RandomForest,0,0
RandomForest,0,0
RandomForest,0,0
RandomForest,0,0
RandomForest,0,0
RandomForest,0,0
RandomForest,1,1
RandomForest,0,0
RandomForest,0,0
RandomForest,0,1
ExtraTrees,0,0
ExtraTrees,0,0
ExtraTrees,0,0
ExtraTrees,0,0
ExtraTrees,1,1
ExtraTrees,0,0
ExtraTrees,0,0
ExtraTrees,0,0
ExtraTrees,0,0
ExtraTrees,0,0
ExtraTrees,0,0
ExtraTrees,0,0
ExtraTrees,0,0
ExtraTrees,0,0
ExtraTrees,0,0
ExtraTrees,0,0
ExtraTrees,0,0
ExtraTrees,0,0
ExtraTrees,0,0
ExtraTrees,0,0
ExtraTrees,0,0
ExtraTrees,0,0
ExtraTrees,0,0
ExtraTrees,0,0
ExtraTrees,0,0
ExtraTrees,0,0
ExtraTrees,0,0
ExtraTrees,0,0
ExtraTrees,0,0
ExtraTrees,0,0
ExtraTrees,0,0
ExtraTrees,0,0
ExtraTrees,1,1
ExtraTrees,0,0
ExtraTrees,0,0
ExtraTrees,0,0
ExtraTrees,0,0
ExtraTrees,0,0
ExtraTrees,1,1
ExtraTrees,0,0
ExtraTrees,0,0
ExtraTrees,0,0
ExtraTrees,0,0
ExtraTrees,1,1
ExtraTrees,0,0
ExtraTrees,0,0
ExtraTrees,1,1
ExtraTrees,0,0
ExtraTrees,0,0
ExtraTrees,0,0
ExtraTrees,1,1
ExtraTrees,0,1
ExtraTrees,0,0
ExtraTrees,0,0
ExtraTrees,0,0
ExtraTrees,0,0
ExtraTrees,0,0
ExtraTrees,0,0
ExtraTrees,0,0
ExtraTrees,0,0
ExtraTrees,1,1
ExtraTrees,0,0
ExtraTrees,0,0
ExtraTrees,1,1
ExtraTrees,0,0
ExtraTrees,0,0
ExtraTrees,1,1
ExtraTrees,0,1
ExtraTrees,0,0
ExtraTrees,0,0
ExtraTrees,0,0
ExtraTrees,1,1
ExtraTrees,0,0
ExtraTrees,0,0
ExtraTrees,0,0
ExtraTrees,0,0
ExtraTrees,0,0
ExtraTrees,0,0
ExtraTrees,1,1
ExtraTrees,0,0
ExtraTrees,0,0
ExtraTrees,0,0
ExtraTrees,0,0
ExtraTrees,0,0
ExtraTrees,0,0
ExtraTrees,0,0
ExtraTrees,1,0
ExtraTrees,0,0
ExtraTrees,0,0
ExtraTrees,0,0
ExtraTrees,0,0
ExtraTrees,0,0
ExtraTrees,0,0
ExtraTrees,0,0
ExtraTrees,0,0
ExtraTrees,0,0
ExtraTrees,0,0
ExtraTrees,0,0
ExtraTrees,0,0
ExtraTrees,0,0
ExtraTrees,0,0
ExtraTrees,0,0
ExtraTrees,0,0
ExtraTrees,1,1
ExtraTrees,0,0
ExtraTrees,0,0
ExtraTrees,1,1
ExtraTrees,0,0
ExtraTrees,0,0
ExtraTrees,1,1
ExtraTrees,1,1
ExtraTrees,0,0
ExtraTrees,1,0
ExtraTrees,0,0
ExtraTrees,0,0
ExtraTrees,0,0
ExtraTrees,0,0
ExtraTrees,0,0
ExtraTrees,0,0
ExtraTrees,0,0
ExtraTrees,0,0
ExtraTrees,1,1
ExtraTrees,0,0
ExtraTrees,0,0
ExtraTrees,0,0
ExtraTrees,0,0
ExtraTrees,0,0
ExtraTrees,0,0
ExtraTrees,0,0
ExtraTrees,1,1
ExtraTrees,0,0
ExtraTrees,0,0
ExtraTrees,0,0
ExtraTrees,1,1
ExtraTrees,0,0
ExtraTrees,0,0
ExtraTrees,0,0
ExtraTrees,0,0
ExtraTrees,0,0
ExtraTrees,0,0
ExtraTrees,1,1
ExtraTrees,0,0
ExtraTrees,1,1
ExtraTrees,0,1
ExtraTrees,0,0
ExtraTrees,0,0
ExtraTrees,0,0
ExtraTrees,0,0
ExtraTrees,0,0
ExtraTrees,0,0
ExtraTrees,0,0
ExtraTrees,0,0
ExtraTrees,0,0
ExtraTrees,0,0
ExtraTrees,0,0
ExtraTrees,0,0
ExtraTrees,1,1
ExtraTrees,0,0
ExtraTrees,0,0
ExtraTrees,0,1
ExtraTrees,0,0
ExtraTrees,0,0
ExtraTrees,0,0
ExtraTrees,0,0
ExtraTrees,0,0
ExtraTrees,0,0
ExtraTrees,0,0
ExtraTrees,0,0
ExtraTrees,0,0
ExtraTrees,0,0
ExtraTrees,0,0
ExtraTrees,0,0
ExtraTrees,0,0
ExtraTrees,0,0
ExtraTrees,0,0
ExtraTrees,0,0
ExtraTrees,0,0
ExtraTrees,0,0
ExtraTrees,0,0
ExtraTrees,0,0
ExtraTrees,0,0
ExtraTrees,0,0
ExtraTrees,0,0
ExtraTrees,0,0
ExtraTrees,0,0
ExtraTrees,0,0
ExtraTrees,0,0
ExtraTrees,0,0
ExtraTrees,1,1
ExtraTrees,1,1
ExtraTrees,0,0
ExtraTrees,0,0
ExtraTrees,0,0
ExtraTrees,0,0
ExtraTrees,0,0
ExtraTrees,0,0
ExtraTrees,0,0
ExtraTrees,1,1
ExtraTrees,0,0
ExtraTrees,0,0
ExtraTrees,0,0
ExtraTrees,0,0
ExtraTrees,0,0
ExtraTrees,0,0
ExtraTrees,1,0
ExtraTrees,0,0
ExtraTrees,0,0
ExtraTrees,0,0
ExtraTrees,0,0
ExtraTrees,0,0
ExtraTrees,0,0
ExtraTrees,0,0
ExtraTrees,0,0
ExtraTrees,0,0
ExtraTrees,0,0
ExtraTrees,0,0
ExtraTrees,0,0
ExtraTrees,0,0
ExtraTrees,0,0
ExtraTrees,1,1
ExtraTrees,0,0
ExtraTrees,0,0
ExtraTrees,1,1
ExtraTrees,0,0
ExtraTrees,0,0
ExtraTrees,1,1
ExtraTrees,0,0
ExtraTrees,0,0
ExtraTrees,0,0
ExtraTrees,0,0
ExtraTrees,1,1
ExtraTrees,0,0
ExtraTrees,0,0
ExtraTrees,0,0
ExtraTrees,0,0
ExtraTrees,1,1
ExtraTrees,0,0
ExtraTrees,0,0
ExtraTrees,0,0
ExtraTrees,0,0
ExtraTrees,0,0
ExtraTrees,0,0
ExtraTrees,0,0
ExtraTrees,1,1
ExtraTrees,0,0
ExtraTrees,0,0
ExtraTrees,0,0
ExtraTrees,0,0
ExtraTrees,0,0
ExtraTrees,0,0
ExtraTrees,0,0
ExtraTrees,0,0
ExtraTrees,0,0
ExtraTrees,0,0
ExtraTrees,0,0
ExtraTrees,0,0
ExtraTrees,0,0
ExtraTrees,0,0
ExtraTrees,0,0
ExtraTrees,0,0
ExtraTrees,0,0
ExtraTrees,0,0
ExtraTrees,0,0
ExtraTrees,0,0
ExtraTrees,0,0
ExtraTrees,0,0
ExtraTrees,0,0
ExtraTrees,0,0
ExtraTrees,0,0
ExtraTrees,1,1
ExtraTrees,0,0
ExtraTrees,1,1
ExtraTrees,0,0
ExtraTrees,0,0
ExtraTrees,0,0
ExtraTrees,0,0
ExtraTrees,0,0
ExtraTrees,0,0
ExtraTrees,0,0
ExtraTrees,0,0
ExtraTrees,0,0
ExtraTrees,0,0
ExtraTrees,0,0
ExtraTrees,1,1
ExtraTrees,0,0
ExtraTrees,0,0
ExtraTrees,0,0
ExtraTrees,0,0
ExtraTrees,0,0
ExtraTrees,0,0
ExtraTrees,0,0
ExtraTrees,0,0
ExtraTrees,0,0
ExtraTrees,0,0
ExtraTrees,1,1
ExtraTrees,0,0
ExtraTrees,0,0
ExtraTrees,0,0
ExtraTrees,1,1
ExtraTrees,1,1
ExtraTrees,1,1
ExtraTrees,0,0
ExtraTrees,0,0
ExtraTrees,0,0
ExtraTrees,0,0
ExtraTrees,0,0
ExtraTrees,0,0
ExtraTrees,1,1
ExtraTrees,0,0
ExtraTrees,1,1
ExtraTrees,0,0
ExtraTrees,0,0
ExtraTrees,0,0
ExtraTrees,1,1
ExtraTrees,0,0
ExtraTrees,0,0
ExtraTrees,0,0
ExtraTrees,0,0
ExtraTrees,1,0
ExtraTrees,0,0
ExtraTrees,0,0
ExtraTrees,0,0
ExtraTrees,1,1
ExtraTrees,1,1
ExtraTrees,1,1
ExtraTrees,0,0
ExtraTrees,0,0
ExtraTrees,1,0
ExtraTrees,0,0
ExtraTrees,0,0
ExtraTrees,0,0
ExtraTrees,0,0
ExtraTrees,0,0
ExtraTrees,0,0
ExtraTrees,0,0
ExtraTrees,0,0
ExtraTrees,0,0
ExtraTrees,0,0
ExtraTrees,0,0
ExtraTrees,0,0
ExtraTrees,0,0
ExtraTrees,0,0
ExtraTrees,0,0
ExtraTrees,0,0
ExtraTrees,0,0
ExtraTrees,0,1
ExtraTrees,0,0
ExtraTrees,0,0
ExtraTrees,0,0
ExtraTrees,0,0
ExtraTrees,1,1
ExtraTrees,0,0
ExtraTrees,0,0
ExtraTrees,0,0
ExtraTrees,0,0
ExtraTrees,0,0
ExtraTrees,0,0
ExtraTrees,0,0
ExtraTrees,0,0
ExtraTrees,0,0
ExtraTrees,0,0
ExtraTrees,0,0
ExtraTrees,0,0
ExtraTrees,0,0
ExtraTrees,0,1
ExtraTrees,0,0
ExtraTrees,0,0
ExtraTrees,1,1
ExtraTrees,0,0
ExtraTrees,1,0
ExtraTrees,0,0
ExtraTrees,0,0
ExtraTrees,0,0
ExtraTrees,0,1
ExtraTrees,1,1
ExtraTrees,0,0
ExtraTrees,0,0
ExtraTrees,0,0
ExtraTrees,0,0
ExtraTrees,1,1
ExtraTrees,0,0
ExtraTrees,0,0
ExtraTrees,0,0
ExtraTrees,0,0
ExtraTrees,0,0
ExtraTrees,0,0
ExtraTrees,0,0
ExtraTrees,1,1
ExtraTrees,0,0
ExtraTrees,0,0
ExtraTrees,0,0
ExtraTrees,0,0
ExtraTrees,0,0
ExtraTrees,0,0
ExtraTrees,0,0
ExtraTrees,0,0
ExtraTrees,0,0
ExtraTrees,0,0
ExtraTrees,0,0
ExtraTrees,1,1
ExtraTrees,1,1
ExtraTrees,0,0
ExtraTrees,0,0
ExtraTrees,0,0
ExtraTrees,1,1
ExtraTrees,0,0
ExtraTrees,0,0
ExtraTrees,0,0
ExtraTrees,0,0
ExtraTrees,1,1
ExtraTrees,0,0
ExtraTrees,0,0
ExtraTrees,1,0
ExtraTrees,0,0
ExtraTrees,0,0
ExtraTrees,0,0
ExtraTrees,0,0
ExtraTrees,0,0
ExtraTrees,0,0
ExtraTrees,0,0
ExtraTrees,0,0
ExtraTrees,0,0
ExtraTrees,1,1
ExtraTrees,0,0
ExtraTrees,0,0
ExtraTrees,0,0
ExtraTrees,0,0
ExtraTrees,0,0
ExtraTrees,0,0
ExtraTrees,0,0
ExtraTrees,0,0
ExtraTrees,1,1
ExtraTrees,1,1
ExtraTrees,0,0
ExtraTrees,0,0
ExtraTrees,0,0
ExtraTrees,0,0
ExtraTrees,0,0
ExtraTrees,0,0
ExtraTrees,0,0
ExtraTrees,0,0
ExtraTrees,0,0
ExtraTrees,0,0
ExtraTrees,0,0
ExtraTrees,1,1
ExtraTrees,0,0
ExtraTrees,0,0
ExtraTrees,1,1
ExtraTrees,0,0
ExtraTrees,0,0
ExtraTrees,0,0
ExtraTrees,0,0
ExtraTrees,1,0
ExtraTrees,0,0
ExtraTrees,0,0
ExtraTrees,0,0
ExtraTrees,0,0
ExtraTrees,0,0
ExtraTrees,0,0
ExtraTrees,1,1
ExtraTrees,0,0
ExtraTrees,0,0
ExtraTrees,1,1
ExtraTrees,0,0
ExtraTrees,0,0
ExtraTrees,0,0
ExtraTrees,0,0
ExtraTrees,0,0
ExtraTrees,0,0
ExtraTrees,1,1
ExtraTrees,1,1
ExtraTrees,1,1
ExtraTrees,0,0
ExtraTrees,0,0
ExtraTrees,0,0
ExtraTrees,0,0
ExtraTrees,0,0
ExtraTrees,0,0
ExtraTrees,0,0
ExtraTrees,0,0
ExtraTrees,0,0
ExtraTrees,1,1
ExtraTrees,0,0
ExtraTrees,0,0
ExtraTrees,0,0
ExtraTrees,0,0
ExtraTrees,0,0
ExtraTrees,0,0
ExtraTrees,0,0
ExtraTrees,0,0
ExtraTrees,0,0
ExtraTrees,1,1
ExtraTrees,0,0
ExtraTrees,0,0
ExtraTrees,0,0
ExtraTrees,0,0
ExtraTrees,0,0
ExtraTrees,0,0
ExtraTrees,0,0
ExtraTrees,1,1
ExtraTrees,0,0
ExtraTrees,0,0
ExtraTrees,0,0
ExtraTrees,0,0
ExtraTrees,0,0
ExtraTrees,0,0
ExtraTrees,0,0
ExtraTrees,1,1
ExtraTrees,1,1
ExtraTrees,0,0
ExtraTrees,0,0
ExtraTrees,0,0
ExtraTrees,0,0
ExtraTrees,0,0
ExtraTrees,0,0
ExtraTrees,0,0
ExtraTrees,0,0
ExtraTrees,1,0
ExtraTrees,0,0
ExtraTrees,0,0
ExtraTrees,0,0
ExtraTrees,0,0
ExtraTrees,0,0
ExtraTrees,0,0
ExtraTrees,0,0
ExtraTrees,1,0
ExtraTrees,0,0
ExtraTrees,1,1
ExtraTrees,0,0
ExtraTrees,0,0
ExtraTrees,0,0
ExtraTrees,0,0
ExtraTrees,0,0
ExtraTrees,0,0
ExtraTrees,1,1
ExtraTrees,1,1
ExtraTrees,0,0
ExtraTrees,0,0
ExtraTrees,0,0
ExtraTrees,0,0
ExtraTrees,0,0
ExtraTrees,0,0
ExtraTrees,0,0
ExtraTrees,1,1
ExtraTrees,0,0
ExtraTrees,0,0
ExtraTrees,0,0
ExtraTrees,0,0
ExtraTrees,0,0
ExtraTrees,1,1
ExtraTrees,0,0
ExtraTrees,0,0
ExtraTrees,0,0
ExtraTrees,1,1
ExtraTrees,0,0
ExtraTrees,1,1
ExtraTrees,0,0
ExtraTrees,0,0
ExtraTrees,0,0
ExtraTrees,0,0
ExtraTrees,1,1
ExtraTrees,0,0
ExtraTrees,0,0
ExtraTrees,0,0
ExtraTrees,0,0
ExtraTrees,0,0
ExtraTrees,1,1
ExtraTrees,0,0
ExtraTrees,0,0
ExtraTrees,0,0
ExtraTrees,0,0
ExtraTrees,1,1
ExtraTrees,0,0
ExtraTrees,0,0
ExtraTrees,0,0
ExtraTrees,0,0
ExtraTrees,0,0
ExtraTrees,1,1
ExtraTrees,0,0
ExtraTrees,1,1
ExtraTrees,0,0
ExtraTrees,0,0
ExtraTrees,0,0
ExtraTrees,0,0
ExtraTrees,0,0
ExtraTrees,0,0
ExtraTrees,0,0
ExtraTrees,0,0
ExtraTrees,0,0
ExtraTrees,0,0
ExtraTrees,0,0
ExtraTrees,1,1
ExtraTrees,0,0
ExtraTrees,1,1
ExtraTrees,1,1
ExtraTrees,0,0
ExtraTrees,0,0
ExtraTrees,0,0
ExtraTrees,1,1
ExtraTrees,0,0
ExtraTrees,1,1
ExtraTrees,0,0
ExtraTrees,0,0
ExtraTrees,0,0
ExtraTrees,0,0
ExtraTrees,0,0
ExtraTrees,1,1
ExtraTrees,0,0
ExtraTrees,0,0
ExtraTrees,0,0
ExtraTrees,0,0
ExtraTrees,1,1
ExtraTrees,0,0
ExtraTrees,0,0
ExtraTrees,1,0
ExtraTrees,0,0
ExtraTrees,0,0
ExtraTrees,0,0
ExtraTrees,0,0
ExtraTrees,1,1
ExtraTrees,0,0
ExtraTrees,0,0
ExtraTrees,1,1
ExtraTrees,0,0
ExtraTrees,0,0
ExtraTrees,0,0
ExtraTrees,0,0
ExtraTrees,0,0
ExtraTrees,0,0
ExtraTrees,0,1
ExtraTrees,0,0
ExtraTrees,0,0
ExtraTrees,0,0
ExtraTrees,0,0
ExtraTrees,0,0
ExtraTrees,1,0
ExtraTrees,0,0
ExtraTrees,0,0
ExtraTrees,0,0
ExtraTrees,0,0
ExtraTrees,0,0
ExtraTrees,0,0
ExtraTrees,0,0
ExtraTrees,0,0
ExtraTrees,0,0
ExtraTrees,0,0
ExtraTrees,0,0
ExtraTrees,0,0
ExtraTrees,0,0
ExtraTrees,0,0
ExtraTrees,1,1
ExtraTrees,0,0
ExtraTrees,1,1
ExtraTrees,0,0
ExtraTrees,0,0
ExtraTrees,0,0
ExtraTrees,0,0
ExtraTrees,0,0
ExtraTrees,0,0
ExtraTrees,0,0
ExtraTrees,0,0
ExtraTrees,0,0
ExtraTrees,1,1
ExtraTrees,0,0
ExtraTrees,0,0
ExtraTrees,0,0
ExtraTrees,0,0
ExtraTrees,1,1
ExtraTrees,0,0
ExtraTrees,0,0
ExtraTrees,0,0
ExtraTrees,0,0
ExtraTrees,0,0
ExtraTrees,0,0
ExtraTrees,0,0
ExtraTrees,0,0
ExtraTrees,0,0
ExtraTrees,0,0
ExtraTrees,0,0
ExtraTrees,0,0
ExtraTrees,0,0
ExtraTrees,0,0
ExtraTrees,0,0
ExtraTrees,0,0
ExtraTrees,0,0
ExtraTrees,0,0
ExtraTrees,0,0
ExtraTrees,0,0
ExtraTrees,0,0
ExtraTrees,0,0
ExtraTrees,0,0
ExtraTrees,0,0
ExtraTrees,0,0
ExtraTrees,0,0
ExtraTrees,0,0
ExtraTrees,1,1
ExtraTrees,0,0
ExtraTrees,0,0
ExtraTrees,0,0
ExtraTrees,0,0
ExtraTrees,0,0
ExtraTrees,0,0
ExtraTrees,0,0
ExtraTrees,0,0
ExtraTrees,0,0
ExtraTrees,0,0
ExtraTrees,0,0
ExtraTrees,1,1
ExtraTrees,0,0
ExtraTrees,1,1
ExtraTrees,1,1
ExtraTrees,0,0
ExtraTrees,0,0
ExtraTrees,0,0
ExtraTrees,0,0
ExtraTrees,0,0
ExtraTrees,0,0
ExtraTrees,0,0
ExtraTrees,0,0
ExtraTrees,0,0
ExtraTrees,0,1
ExtraTrees,0,0
ExtraTrees,0,0
ExtraTrees,0,0
ExtraTrees,0,0
ExtraTrees,1,1
ExtraTrees,0,0
ExtraTrees,0,0
ExtraTrees,0,0
ExtraTrees,1,0
ExtraTrees,0,0
ExtraTrees,0,0
ExtraTrees,0,0
ExtraTrees,0,0
ExtraTrees,0,0
ExtraTrees,1,1
ExtraTrees,0,0
ExtraTrees,0,0
ExtraTrees,0,0
ExtraTrees,0,0
ExtraTrees,0,0
ExtraTrees,0,0
ExtraTrees,0,0
ExtraTrees,0,0
ExtraTrees,0,0
ExtraTrees,0,0
ExtraTrees,0,0
ExtraTrees,1,1
ExtraTrees,0,0
ExtraTrees,0,0
ExtraTrees,1,1
ExtraTrees,0,0
ExtraTrees,0,0
ExtraTrees,0,0
ExtraTrees,0,0
ExtraTrees,0,0
ExtraTrees,0,0
ExtraTrees,0,0
ExtraTrees,0,0
ExtraTrees,0,0
ExtraTrees,0,0
ExtraTrees,1,1
ExtraTrees,0,0
ExtraTrees,0,0
ExtraTrees,1,1
ExtraTrees,0,0
ExtraTrees,0,0
ExtraTrees,0,0
ExtraTrees,0,0
ExtraTrees,0,0
ExtraTrees,0,0
ExtraTrees,0,0
ExtraTrees,1,1
ExtraTrees,1,1
ExtraTrees,0,0
ExtraTrees,0,1
ExtraTrees,0,0
ExtraTrees,0,0
ExtraTrees,0,0
ExtraTrees,0,0
ExtraTrees,0,0
ExtraTrees,0,0
ExtraTrees,0,0
ExtraTrees,0,1
ExtraTrees,0,0
ExtraTrees,0,0
ExtraTrees,0,0
ExtraTrees,0,0
ExtraTrees,0,0
ExtraTrees,1,1
ExtraTrees,0,1
ExtraTrees,0,0
ExtraTrees,1,1
ExtraTrees,0,0
ExtraTrees,0,0
ExtraTrees,0,0
ExtraTrees,1,1
ExtraTrees,0,0
ExtraTrees,0,0
ExtraTrees,0,0
ExtraTrees,0,0
ExtraTrees,1,1
ExtraTrees,1,1
ExtraTrees,0,0
ExtraTrees,0,0
ExtraTrees,1,1
ExtraTrees,1,1
ExtraTrees,0,0
ExtraTrees,0,0
ExtraTrees,0,0
ExtraTrees,0,0
ExtraTrees,0,0
ExtraTrees,0,0
ExtraTrees,0,0
ExtraTrees,1,1
ExtraTrees,0,0
ExtraTrees,0,0
ExtraTrees,0,0
ExtraTrees,0,0
ExtraTrees,0,0
ExtraTrees,0,0
ExtraTrees,0,0
ExtraTrees,1,1
ExtraTrees,1,1
ExtraTrees,0,0
ExtraTrees,0,0
ExtraTrees,1,1
ExtraTrees,0,0
ExtraTrees,0,0
ExtraTrees,0,0
ExtraTrees,0,0
ExtraTrees,1,1
ExtraTrees,0,0
ExtraTrees,1,1
ExtraTrees,0,0
ExtraTrees,0,0
ExtraTrees,0,0
ExtraTrees,0,0
ExtraTrees,0,0
ExtraTrees,0,0
ExtraTrees,0,0
ExtraTrees,0,0
ExtraTrees,0,0
ExtraTrees,1,1
ExtraTrees,0,0
ExtraTrees,0,0
ExtraTrees,0,0
ExtraTrees,1,1
ExtraTrees,1,1
ExtraTrees,0,0
ExtraTrees,1,1
ExtraTrees,1,1
ExtraTrees,0,0
ExtraTrees,0,0
ExtraTrees,0,0
ExtraTrees,0,0
ExtraTrees,0,0
ExtraTrees,0,1
ExtraTrees,0,0
ExtraTrees,0,0
ExtraTrees,0,0
ExtraTrees,0,0
ExtraTrees,0,0
ExtraTrees,0,0
ExtraTrees,0,0
ExtraTrees,0,0
ExtraTrees,0,0
ExtraTrees,1,1
ExtraTrees,0,0
ExtraTrees,0,0
ExtraTrees,1,1
ExtraTrees,0,0
ExtraTrees,0,0
ExtraTrees,0,0
ExtraTrees,0,0
ExtraTrees,0,0
ExtraTrees,0,0
ExtraTrees,1,1
ExtraTrees,0,0
ExtraTrees,1,1
ExtraTrees,1,1
ExtraTrees,0,0
ExtraTrees,0,0
ExtraTrees,0,0
ExtraTrees,0,0
ExtraTrees,0,0
ExtraTrees,0,0
ExtraTrees,0,0
ExtraTrees,1,1
ExtraTrees,0,0
ExtraTrees,0,0
ExtraTrees,0,0
ExtraTrees,0,0
ExtraTrees,0,0
ExtraTrees,0,1
ExtraTrees,1,1
ExtraTrees,0,0
ExtraTrees,0,0
ExtraTrees,0,0
ExtraTrees,0,0
ExtraTrees,0,0
ExtraTrees,0,0
ExtraTrees,0,0
ExtraTrees,0,0
ExtraTrees,0,0
ExtraTrees,0,0
ExtraTrees,1,1
ExtraTrees,0,0
ExtraTrees,0,0
ExtraTrees,1,1
ExtraTrees,0,0
ExtraTrees,0,0
ExtraTrees,0,0
ExtraTrees,0,0
ExtraTrees,0,1
ExtraTrees,0,0
ExtraTrees,0,0
ExtraTrees,0,0
ExtraTrees,0,0
ExtraTrees,1,0
ExtraTrees,1,1
ExtraTrees,0,0
ExtraTrees,0,0
ExtraTrees,0,0
ExtraTrees,1,1
ExtraTrees,0,0
ExtraTrees,0,0
ExtraTrees,0,0
ExtraTrees,0,0
ExtraTrees,0,0
ExtraTrees,0,0
ExtraTrees,0,0
ExtraTrees,0,0
ExtraTrees,0,0
ExtraTrees,0,0
ExtraTrees,1,1
ExtraTrees,0,0
ExtraTrees,0,0
ExtraTrees,0,0
ExtraTrees,0,0
ExtraTrees,1,1
ExtraTrees,0,0
ExtraTrees,1,1
ExtraTrees,0,1
ExtraTrees,0,0
ExtraTrees,0,0
ExtraTrees,0,0
ExtraTrees,1,1
ExtraTrees,0,0
ExtraTrees,0,0
ExtraTrees,0,0
ExtraTrees,1,1
ExtraTrees,0,0
ExtraTrees,0,0
ExtraTrees,0,0
ExtraTrees,0,0
ExtraTrees,0,0
ExtraTrees,0,0
ExtraTrees,0,0
ExtraTrees,0,0
ExtraTrees,0,0
ExtraTrees,0,0
ExtraTrees,0,0
ExtraTrees,0,0
ExtraTrees,0,0
ExtraTrees,0,0
ExtraTrees,0,0
ExtraTrees,0,0
ExtraTrees,0,0
ExtraTrees,0,0
ExtraTrees,1,1
ExtraTrees,0,0
ExtraTrees,0,0
ExtraTrees,0,0
ExtraTrees,0,0
ExtraTrees,0,0
ExtraTrees,0,0
ExtraTrees,0,0
ExtraTrees,0,0
ExtraTrees,0,0
ExtraTrees,0,0
ExtraTrees,0,0
ExtraTrees,0,0
ExtraTrees,0,0
ExtraTrees,0,0
ExtraTrees,0,0
ExtraTrees,0,0
ExtraTrees,0,0
ExtraTrees,0,0
ExtraTrees,1,0
ExtraTrees,0,0
ExtraTrees,0,1
ExtraTrees,0,0
ExtraTrees,0,0
ExtraTrees,0,0
ExtraTrees,0,0
ExtraTrees,0,0
ExtraTrees,0,0
ExtraTrees,0,0
ExtraTrees,0,0
ExtraTrees,0,0
ExtraTrees,1,0
ExtraTrees,0,0
ExtraTrees,0,0
ExtraTrees,0,0
ExtraTrees,0,0
ExtraTrees,0,0
ExtraTrees,0,0
ExtraTrees,0,0
ExtraTrees,0,0
ExtraTrees,0,0
ExtraTrees,0,0
ExtraTrees,0,0
ExtraTrees,0,0
ExtraTrees,0,0
ExtraTrees,0,0
ExtraTrees,0,0
ExtraTrees,1,0
ExtraTrees,0,0
ExtraTrees,0,0
ExtraTrees,0,0
ExtraTrees,0,0
ExtraTrees,0,0
ExtraTrees,0,0
ExtraTrees,0,0
ExtraTrees,1,1
ExtraTrees,1,1
ExtraTrees,0,0
ExtraTrees,0,0
ExtraTrees,0,0
ExtraTrees,1,1
ExtraTrees,1,1
ExtraTrees,0,0
ExtraTrees,1,1
ExtraTrees,0,0
ExtraTrees,1,1
ExtraTrees,1,1
ExtraTrees,0,0
ExtraTrees,0,0
ExtraTrees,0,0
ExtraTrees,0,0
ExtraTrees,0,0
ExtraTrees,1,1
ExtraTrees,0,0
ExtraTrees,0,0
ExtraTrees,0,0
ExtraTrees,1,1
ExtraTrees,0,0
ExtraTrees,1,1
ExtraTrees,0,0
ExtraTrees,1,1
ExtraTrees,0,0
ExtraTrees,0,0
ExtraTrees,1,1
ExtraTrees,0,0
ExtraTrees,0,0
ExtraTrees,0,0
ExtraTrees,0,0
ExtraTrees,0,0
ExtraTrees,0,0
ExtraTrees,1,1
ExtraTrees,1,1
ExtraTrees,0,0
ExtraTrees,0,0
ExtraTrees,0,0
ExtraTrees,1,1
ExtraTrees,0,0
ExtraTrees,1,1
ExtraTrees,0,0
ExtraTrees,0,0
ExtraTrees,0,0
ExtraTrees,0,0
ExtraTrees,0,0
ExtraTrees,0,0
ExtraTrees,0,0
ExtraTrees,0,0
ExtraTrees,1,1
ExtraTrees,0,0
ExtraTrees,1,1
ExtraTrees,0,0
ExtraTrees,0,0
ExtraTrees,0,0
ExtraTrees,0,0
ExtraTrees,0,0
ExtraTrees,0,0
ExtraTrees,0,0
ExtraTrees,0,0
ExtraTrees,0,0
ExtraTrees,0,0
ExtraTrees,0,0
ExtraTrees,0,0
ExtraTrees,0,0
ExtraTrees,1,1
ExtraTrees,1,1
ExtraTrees,0,0
ExtraTrees,0,0
ExtraTrees,0,0
ExtraTrees,1,1
ExtraTrees,0,0
ExtraTrees,1,1
ExtraTrees,0,0
ExtraTrees,1,1
ExtraTrees,1,1
ExtraTrees,1,1
ExtraTrees,0,0
ExtraTrees,0,0
ExtraTrees,0,0
ExtraTrees,1,1
ExtraTrees,0,0
ExtraTrees,1,1
ExtraTrees,0,0
ExtraTrees,0,0
ExtraTrees,1,0
ExtraTrees,1,1
ExtraTrees,0,0
ExtraTrees,1,1
ExtraTrees,0,0
ExtraTrees,0,0
ExtraTrees,0,0
ExtraTrees,0,0
ExtraTrees,1,1
ExtraTrees,0,0
ExtraTrees,0,0
ExtraTrees,0,0
ExtraTrees,0,0
ExtraTrees,0,0
ExtraTrees,1,1
ExtraTrees,0,0
ExtraTrees,0,0
ExtraTrees,0,0
ExtraTrees,0,0
ExtraTrees,0,0
ExtraTrees,0,0
ExtraTrees,0,0
ExtraTrees,1,1
ExtraTrees,0,0
ExtraTrees,0,0
ExtraTrees,0,0
ExtraTrees,0,0
ExtraTrees,0,0
ExtraTrees,1,1
ExtraTrees,0,0
ExtraTrees,0,0
ExtraTrees,0,0
ExtraTrees,1,1
ExtraTrees,0,0
ExtraTrees,1,1
ExtraTrees,0,0
ExtraTrees,0,0
ExtraTrees,0,0
ExtraTrees,1,1
ExtraTrees,0,0
ExtraTrees,1,1
ExtraTrees,0,0
ExtraTrees,0,0
ExtraTrees,1,1
ExtraTrees,0,0
ExtraTrees,1,0
ExtraTrees,0,0
ExtraTrees,0,0
ExtraTrees,0,0
ExtraTrees,0,0
ExtraTrees,0,0
ExtraTrees,0,0
ExtraTrees,1,1
ExtraTrees,0,0
ExtraTrees,0,0
ExtraTrees,0,0
ExtraTrees,0,0
ExtraTrees,0,0
ExtraTrees,0,0
ExtraTrees,0,0
ExtraTrees,0,0
ExtraTrees,0,0
ExtraTrees,0,0
ExtraTrees,0,0
ExtraTrees,0,0
ExtraTrees,0,0
ExtraTrees,0,0
ExtraTrees,0,0
ExtraTrees,0,0
ExtraTrees,0,0
ExtraTrees,1,1
ExtraTrees,0,0
ExtraTrees,0,0
ExtraTrees,0,1
GradientBoosting,0,0
GradientBoosting,0,0
GradientBoosting,0,0
GradientBoosting,0,0
GradientBoosting,1,1
GradientBoosting,0,0
GradientBoosting,0,0
GradientBoosting,0,0
GradientBoosting,0,0
GradientBoosting,0,0
GradientBoosting,0,0
GradientBoosting,0,0
GradientBoosting,0,0
GradientBoosting,0,0
GradientBoosting,0,0
GradientBoosting,0,0
GradientBoosting,0,0
GradientBoosting,0,0
GradientBoosting,0,0
GradientBoosting,0,0
GradientBoosting,0,0
GradientBoosting,0,0
GradientBoosting,0,0
GradientBoosting,0,0
GradientBoosting,0,0
GradientBoosting,0,0
GradientBoosting,0,0
GradientBoosting,0,0
GradientBoosting,0,0
GradientBoosting,0,0
GradientBoosting,0,0
GradientBoosting,0,0
GradientBoosting,1,1
GradientBoosting,0,0
GradientBoosting,0,0
GradientBoosting,0,0
GradientBoosting,0,0
GradientBoosting,0,0
GradientBoosting,1,1
GradientBoosting,0,0
GradientBoosting,0,0
GradientBoosting,0,0
GradientBoosting,0,0
GradientBoosting,1,1
GradientBoosting,0,0
GradientBoosting,0,0
GradientBoosting,1,1
GradientBoosting,0,0
GradientBoosting,0,0
GradientBoosting,0,0
GradientBoosting,1,1
GradientBoosting,0,0
GradientBoosting,0,0
GradientBoosting,0,0
GradientBoosting,0,0
GradientBoosting,0,0
GradientBoosting,0,0
GradientBoosting,0,0
GradientBoosting,0,0
GradientBoosting,0,0
GradientBoosting,1,1
GradientBoosting,0,0
GradientBoosting,0,0
GradientBoosting,1,1
GradientBoosting,0,0
GradientBoosting,0,0
GradientBoosting,1,1
GradientBoosting,0,0
GradientBoosting,0,0
GradientBoosting,0,0
GradientBoosting,0,0
GradientBoosting,1,1
GradientBoosting,0,0
GradientBoosting,0,0
GradientBoosting,0,0
GradientBoosting,0,0
GradientBoosting,0,0
GradientBoosting,0,0
GradientBoosting,1,1
GradientBoosting,0,0
GradientBoosting,0,0
GradientBoosting,0,0
GradientBoosting,0,0
GradientBoosting,0,0
GradientBoosting,0,0
GradientBoosting,0,0
GradientBoosting,1,0
GradientBoosting,0,0
GradientBoosting,0,0
GradientBoosting,0,0
GradientBoosting,0,0
GradientBoosting,0,0
GradientBoosting,0,0
GradientBoosting,0,0
GradientBoosting,0,0
GradientBoosting,0,0
GradientBoosting,0,0
GradientBoosting,0,0
GradientBoosting,0,0
GradientBoosting,0,0
GradientBoosting,0,0
GradientBoosting,0,0
GradientBoosting,0,0
GradientBoosting,1,1
GradientBoosting,0,0
GradientBoosting,0,0
GradientBoosting,1,1
GradientBoosting,0,0
GradientBoosting,0,0
GradientBoosting,1,1
GradientBoosting,1,1
GradientBoosting,0,0
GradientBoosting,1,1
GradientBoosting,0,0
GradientBoosting,0,0
GradientBoosting,0,0
GradientBoosting,0,0
GradientBoosting,0,0
GradientBoosting,0,0
GradientBoosting,0,0
GradientBoosting,0,0
GradientBoosting,1,1
GradientBoosting,0,0
GradientBoosting,0,0
GradientBoosting,0,0
GradientBoosting,0,0
GradientBoosting,0,0
GradientBoosting,0,0
GradientBoosting,0,0
GradientBoosting,1,1
GradientBoosting,0,0
GradientBoosting,0,0
GradientBoosting,0,0
GradientBoosting,1,1
GradientBoosting,0,0
GradientBoosting,0,0
GradientBoosting,0,0
GradientBoosting,0,0
GradientBoosting,0,0
GradientBoosting,0,0
GradientBoosting,1,1
GradientBoosting,0,0
GradientBoosting,1,1
GradientBoosting,0,0
GradientBoosting,0,0
GradientBoosting,0,0
GradientBoosting,0,0
GradientBoosting,0,0
GradientBoosting,0,0
GradientBoosting,0,0
GradientBoosting,0,0
GradientBoosting,0,0
GradientBoosting,0,0
GradientBoosting,0,0
GradientBoosting,0,0
GradientBoosting,0,0
GradientBoosting,1,1
GradientBoosting,0,0
GradientBoosting,0,0
GradientBoosting,0,0
GradientBoosting,0,0
GradientBoosting,0,0
GradientBoosting,0,0
GradientBoosting,0,0
GradientBoosting,0,0
GradientBoosting,0,0
GradientBoosting,0,0
GradientBoosting,0,0
GradientBoosting,0,0
GradientBoosting,0,0
GradientBoosting,0,0
GradientBoosting,0,0
GradientBoosting,0,0
GradientBoosting,0,0
GradientBoosting,0,0
GradientBoosting,0,0
GradientBoosting,0,0
GradientBoosting,0,0
GradientBoosting,0,0
GradientBoosting,0,0
GradientBoosting,0,0
GradientBoosting,0,0
GradientBoosting,0,0
GradientBoosting,0,0
GradientBoosting,0,0
GradientBoosting,0,0
GradientBoosting,0,0
GradientBoosting,0,0
GradientBoosting,1,1
GradientBoosting,1,1
GradientBoosting,0,0
GradientBoosting,0,0
GradientBoosting,0,0
GradientBoosting,0,0
GradientBoosting,0,0
GradientBoosting,0,0
GradientBoosting,0,0
GradientBoosting,1,1
GradientBoosting,0,0
GradientBoosting,0,0
GradientBoosting,0,0
GradientBoosting,0,0
GradientBoosting,0,0
GradientBoosting,0,0
GradientBoosting,1,0
GradientBoosting,0,0
GradientBoosting,0,0
GradientBoosting,0,0
GradientBoosting,0,0
GradientBoosting,0,0
GradientBoosting,0,0
GradientBoosting,0,0
GradientBoosting,0,0
GradientBoosting,0,0
GradientBoosting,0,0
GradientBoosting,0,0
GradientBoosting,0,0
GradientBoosting,0,0
GradientBoosting,0,0
GradientBoosting,1,1
GradientBoosting,0,0
GradientBoosting,0,0
GradientBoosting,1,1
GradientBoosting,0,0
GradientBoosting,0,0
GradientBoosting,1,1
GradientBoosting,0,0
GradientBoosting,0,0
GradientBoosting,0,0
GradientBoosting,0,0
GradientBoosting,1,1
GradientBoosting,0,0
GradientBoosting,0,0
GradientBoosting,0,0
GradientBoosting,0,0
GradientBoosting,1,1
GradientBoosting,0,0
GradientBoosting,0,0
GradientBoosting,0,0
GradientBoosting,0,0
GradientBoosting,0,0
GradientBoosting,0,0
GradientBoosting,0,0
GradientBoosting,1,1
GradientBoosting,0,0
GradientBoosting,0,0
GradientBoosting,0,0
GradientBoosting,0,0
GradientBoosting,0,0
GradientBoosting,0,0
GradientBoosting,0,0
GradientBoosting,0,0
GradientBoosting,0,0
GradientBoosting,0,0
GradientBoosting,0,0
GradientBoosting,0,0
GradientBoosting,0,0
GradientBoosting,0,0
GradientBoosting,0,0
GradientBoosting,0,0
GradientBoosting,0,0
GradientBoosting,0,0
GradientBoosting,0,0
GradientBoosting,0,0
GradientBoosting,0,0
GradientBoosting,0,0
GradientBoosting,0,0
GradientBoosting,0,0
GradientBoosting,0,0
GradientBoosting,1,1
GradientBoosting,0,0
GradientBoosting,1,1
GradientBoosting,0,0
GradientBoosting,0,0
GradientBoosting,0,0
GradientBoosting,0,0
GradientBoosting,0,0
GradientBoosting,0,0
GradientBoosting,0,0
GradientBoosting,0,0
GradientBoosting,0,0
GradientBoosting,0,0
GradientBoosting,0,0
GradientBoosting,1,1
GradientBoosting,0,0
GradientBoosting,0,0
GradientBoosting,0,0
GradientBoosting,0,0
GradientBoosting,0,0
GradientBoosting,0,0
GradientBoosting,0,0
GradientBoosting,0,0
GradientBoosting,0,0
GradientBoosting,0,0
GradientBoosting,1,1
GradientBoosting,0,0
GradientBoosting,0,0
GradientBoosting,0,0
GradientBoosting,1,1
GradientBoosting,1,1
GradientBoosting,1,1
GradientBoosting,0,0
GradientBoosting,0,0
GradientBoosting,0,0
GradientBoosting,0,0
GradientBoosting,0,0
GradientBoosting,0,0
GradientBoosting,1,1
GradientBoosting,0,0
GradientBoosting,1,1
GradientBoosting,0,0
GradientBoosting,0,0
GradientBoosting,0,0
GradientBoosting,1,1
GradientBoosting,0,0
GradientBoosting,0,0
GradientBoosting,0,0
GradientBoosting,0,0
GradientBoosting,1,1
GradientBoosting,0,0
GradientBoosting,0,0
GradientBoosting,0,0
GradientBoosting,1,1
GradientBoosting,1,1
GradientBoosting,1,1
GradientBoosting,0,0
GradientBoosting,0,0
GradientBoosting,1,1
GradientBoosting,0,0
GradientBoosting,0,0
GradientBoosting,0,0
GradientBoosting,0,0
GradientBoosting,0,0
GradientBoosting,0,0
GradientBoosting,0,0
GradientBoosting,0,0
GradientBoosting,0,0
GradientBoosting,0,0
GradientBoosting,0,0
GradientBoosting,0,0
GradientBoosting,0,0
GradientBoosting,0,0
GradientBoosting,0,0
GradientBoosting,0,0
GradientBoosting,0,0
GradientBoosting,0,0
GradientBoosting,0,0
GradientBoosting,0,0
GradientBoosting,0,0
GradientBoosting,0,0
GradientBoosting,1,1
GradientBoosting,0,0
GradientBoosting,0,0
GradientBoosting,0,0
GradientBoosting,0,0
GradientBoosting,0,0
GradientBoosting,0,0
GradientBoosting,0,0
GradientBoosting,0,0
GradientBoosting,0,0
GradientBoosting,0,0
GradientBoosting,0,0
GradientBoosting,0,0
GradientBoosting,0,0
GradientBoosting,0,0
GradientBoosting,0,0
GradientBoosting,0,0
GradientBoosting,1,1
GradientBoosting,0,0
GradientBoosting,1,1
GradientBoosting,0,0
GradientBoosting,0,0
GradientBoosting,0,0
GradientBoosting,0,0
GradientBoosting,1,1
GradientBoosting,0,0
GradientBoosting,0,0
GradientBoosting,0,0
GradientBoosting,0,0
GradientBoosting,1,1
GradientBoosting,0,0
GradientBoosting,0,0
GradientBoosting,0,0
GradientBoosting,0,0
GradientBoosting,0,0
GradientBoosting,0,0
GradientBoosting,0,0
GradientBoosting,1,1
GradientBoosting,0,0
GradientBoosting,0,0
GradientBoosting,0,0
GradientBoosting,0,0
GradientBoosting,0,0
GradientBoosting,0,0
GradientBoosting,0,0
GradientBoosting,0,0
GradientBoosting,0,0
GradientBoosting,0,0
GradientBoosting,0,0
GradientBoosting,1,1
GradientBoosting,1,1
GradientBoosting,0,0
GradientBoosting,0,0
GradientBoosting,0,0
GradientBoosting,1,1
GradientBoosting,0,0
GradientBoosting,0,0
GradientBoosting,0,0
GradientBoosting,0,0
GradientBoosting,1,1
GradientBoosting,0,0
GradientBoosting,0,0
GradientBoosting,1,1
GradientBoosting,0,0
GradientBoosting,0,0
GradientBoosting,0,0
GradientBoosting,0,0
GradientBoosting,0,0
GradientBoosting,0,0
GradientBoosting,0,0
GradientBoosting,0,0
GradientBoosting,0,0
GradientBoosting,1,1
GradientBoosting,0,0
GradientBoosting,0,0
GradientBoosting,0,0
GradientBoosting,0,0
GradientBoosting,0,0
GradientBoosting,0,0
GradientBoosting,0,0
GradientBoosting,0,0
GradientBoosting,1,1
GradientBoosting,1,1
GradientBoosting,0,0
GradientBoosting,0,0
GradientBoosting,0,0
GradientBoosting,0,0
GradientBoosting,0,0
GradientBoosting,0,0
GradientBoosting,0,0
GradientBoosting,0,0
GradientBoosting,0,0
GradientBoosting,0,0
GradientBoosting,0,0
GradientBoosting,1,1
GradientBoosting,0,0
GradientBoosting,0,0
GradientBoosting,1,1
GradientBoosting,0,0
GradientBoosting,0,0
GradientBoosting,0,0
GradientBoosting,0,0
GradientBoosting,1,1
GradientBoosting,0,0
GradientBoosting,0,0
GradientBoosting,0,0
GradientBoosting,0,0
GradientBoosting,0,0
GradientBoosting,0,0
GradientBoosting,1,1
GradientBoosting,0,0
GradientBoosting,0,0
GradientBoosting,1,1
GradientBoosting,0,0
GradientBoosting,0,0
GradientBoosting,0,0
GradientBoosting,0,0
GradientBoosting,0,0
GradientBoosting,0,0
GradientBoosting,1,1
GradientBoosting,1,1
GradientBoosting,1,1
GradientBoosting,0,0
GradientBoosting,0,0
GradientBoosting,0,0
GradientBoosting,0,0
GradientBoosting,0,0
GradientBoosting,0,0
GradientBoosting,0,0
GradientBoosting,0,0
GradientBoosting,0,0
GradientBoosting,1,1
GradientBoosting,0,0
GradientBoosting,0,0
GradientBoosting,0,0
GradientBoosting,0,0
GradientBoosting,0,0
GradientBoosting,0,0
GradientBoosting,0,0
GradientBoosting,0,0
GradientBoosting,0,0
GradientBoosting,1,1
GradientBoosting,0,0
GradientBoosting,0,0
GradientBoosting,0,0
GradientBoosting,0,0
GradientBoosting,0,0
GradientBoosting,0,0
GradientBoosting,0,0
GradientBoosting,1,0
GradientBoosting,0,0
GradientBoosting,0,0
GradientBoosting,0,0
GradientBoosting,0,0
GradientBoosting,0,0
GradientBoosting,0,0
GradientBoosting,0,0
GradientBoosting,1,1
GradientBoosting,1,1
GradientBoosting,0,0
GradientBoosting,0,0
GradientBoosting,0,0
GradientBoosting,0,0
GradientBoosting,0,0
GradientBoosting,0,0
GradientBoosting,0,0
GradientBoosting,0,0
GradientBoosting,1,1
GradientBoosting,0,0
GradientBoosting,0,0
GradientBoosting,0,0
GradientBoosting,0,0
GradientBoosting,0,0
GradientBoosting,0,0
GradientBoosting,0,0
GradientBoosting,1,1
GradientBoosting,0,0
GradientBoosting,1,1
GradientBoosting,0,0
GradientBoosting,0,0
GradientBoosting,0,0
GradientBoosting,0,0
GradientBoosting,0,0
GradientBoosting,0,0
GradientBoosting,1,1
GradientBoosting,1,1
GradientBoosting,0,0
GradientBoosting,0,0
GradientBoosting,0,0
GradientBoosting,0,0
GradientBoosting,0,0
GradientBoosting,0,0
GradientBoosting,0,0
GradientBoosting,1,1
GradientBoosting,0,0
GradientBoosting,0,0
GradientBoosting,0,0
GradientBoosting,0,0
GradientBoosting,0,0
GradientBoosting,1,1
GradientBoosting,0,0
GradientBoosting,0,0
GradientBoosting,0,0
GradientBoosting,1,1
GradientBoosting,0,0
GradientBoosting,1,1
GradientBoosting,0,0
GradientBoosting,0,0
GradientBoosting,0,0
GradientBoosting,0,0
GradientBoosting,1,1
GradientBoosting,0,0
GradientBoosting,0,0
GradientBoosting,0,0
GradientBoosting,0,0
GradientBoosting,0,0
GradientBoosting,1,1
GradientBoosting,0,0
GradientBoosting,0,0
GradientBoosting,0,0
GradientBoosting,0,0
GradientBoosting,1,1
GradientBoosting,0,0
GradientBoosting,0,0
GradientBoosting,0,0
GradientBoosting,0,0
GradientBoosting,0,0
GradientBoosting,1,1
GradientBoosting,0,0
GradientBoosting,1,1
GradientBoosting,0,0
GradientBoosting,0,0
GradientBoosting,0,0
GradientBoosting,0,0
GradientBoosting,0,0
GradientBoosting,0,0
GradientBoosting,0,0
GradientBoosting,0,0
GradientBoosting,0,0
GradientBoosting,0,0
GradientBoosting,0,0
GradientBoosting,1,1
GradientBoosting,0,0
GradientBoosting,1,1
GradientBoosting,1,1
GradientBoosting,0,0
GradientBoosting,0,0
GradientBoosting,0,0
GradientBoosting,1,1
GradientBoosting,0,0
GradientBoosting,1,1
GradientBoosting,0,0
GradientBoosting,0,0
GradientBoosting,0,0
GradientBoosting,0,0
GradientBoosting,0,0
GradientBoosting,1,1
GradientBoosting,0,0
GradientBoosting,0,0
GradientBoosting,0,0
GradientBoosting,0,0
GradientBoosting,1,1
GradientBoosting,0,0
GradientBoosting,0,0
GradientBoosting,1,1
GradientBoosting,0,0
GradientBoosting,0,0
GradientBoosting,0,0
GradientBoosting,0,0
GradientBoosting,1,1
GradientBoosting,0,0
GradientBoosting,0,0
GradientBoosting,1,1
GradientBoosting,0,0
GradientBoosting,0,0
GradientBoosting,0,0
GradientBoosting,0,0
GradientBoosting,0,0
GradientBoosting,0,0
GradientBoosting,0,0
GradientBoosting,0,0
GradientBoosting,0,0
GradientBoosting,0,0
GradientBoosting,0,0
GradientBoosting,0,0
GradientBoosting,1,0
GradientBoosting,0,0
GradientBoosting,0,0
GradientBoosting,0,0
GradientBoosting,0,0
GradientBoosting,0,0
GradientBoosting,0,0
GradientBoosting,0,0
GradientBoosting,0,0
GradientBoosting,0,0
GradientBoosting,0,0
GradientBoosting,0,0
GradientBoosting,0,0
GradientBoosting,0,0
GradientBoosting,0,0
GradientBoosting,1,1
GradientBoosting,0,0
GradientBoosting,1,1
GradientBoosting,0,0
GradientBoosting,0,0
GradientBoosting,0,0
GradientBoosting,0,0
GradientBoosting,0,0
GradientBoosting,0,0
GradientBoosting,0,0
GradientBoosting,0,0
GradientBoosting,0,0
GradientBoosting,1,1
GradientBoosting,0,0
GradientBoosting,0,0
GradientBoosting,0,0
GradientBoosting,0,0
GradientBoosting,1,1
GradientBoosting,0,0
GradientBoosting,0,0
GradientBoosting,0,0
GradientBoosting,0,0
GradientBoosting,0,0
GradientBoosting,0,0
GradientBoosting,0,0
GradientBoosting,0,0
GradientBoosting,0,0
GradientBoosting,0,0
GradientBoosting,0,0
GradientBoosting,0,0
GradientBoosting,0,0
GradientBoosting,0,0
GradientBoosting,0,0
GradientBoosting,0,0
GradientBoosting,0,0
GradientBoosting,0,0
GradientBoosting,0,0
GradientBoosting,0,0
GradientBoosting,0,0
GradientBoosting,0,0
GradientBoosting,0,0
GradientBoosting,0,0
GradientBoosting,0,0
GradientBoosting,0,0
GradientBoosting,0,0
GradientBoosting,1,1
GradientBoosting,0,0
GradientBoosting,0,0
GradientBoosting,0,0
GradientBoosting,0,0
GradientBoosting,0,0
GradientBoosting,0,0
GradientBoosting,0,0
GradientBoosting,0,0
GradientBoosting,0,0
GradientBoosting,0,0
GradientBoosting,0,0
GradientBoosting,1,1
GradientBoosting,0,0
GradientBoosting,1,1
GradientBoosting,1,1
GradientBoosting,0,0
GradientBoosting,0,0
GradientBoosting,0,0
GradientBoosting,0,0
GradientBoosting,0,0
GradientBoosting,0,0
GradientBoosting,0,1
GradientBoosting,0,0
GradientBoosting,0,0
GradientBoosting,0,0
GradientBoosting,0,0
GradientBoosting,0,0
GradientBoosting,0,0
GradientBoosting,0,0
GradientBoosting,1,1
GradientBoosting,0,0
GradientBoosting,0,0
GradientBoosting,0,0
GradientBoosting,1,1
GradientBoosting,0,0
GradientBoosting,0,0
GradientBoosting,0,0
GradientBoosting,0,0
GradientBoosting,0,0
GradientBoosting,1,1
GradientBoosting,0,0
GradientBoosting,0,0
GradientBoosting,0,0
GradientBoosting,0,0
GradientBoosting,0,0
GradientBoosting,0,0
GradientBoosting,0,0
GradientBoosting,0,0
GradientBoosting,0,0
GradientBoosting,0,0
GradientBoosting,0,0
GradientBoosting,1,1
GradientBoosting,0,0
GradientBoosting,0,0
GradientBoosting,1,1
GradientBoosting,0,0
GradientBoosting,0,0
GradientBoosting,0,0
GradientBoosting,0,0
GradientBoosting,0,0
GradientBoosting,0,0
GradientBoosting,0,0
GradientBoosting,0,0
GradientBoosting,0,0
GradientBoosting,0,0
GradientBoosting,1,1
GradientBoosting,0,0
GradientBoosting,0,0
GradientBoosting,1,1
GradientBoosting,0,0
GradientBoosting,0,0
GradientBoosting,0,0
GradientBoosting,0,0
GradientBoosting,0,0
GradientBoosting,0,0
GradientBoosting,0,0
GradientBoosting,1,1
GradientBoosting,1,1
GradientBoosting,0,0
GradientBoosting,0,0
GradientBoosting,0,0
GradientBoosting,0,0
GradientBoosting,0,0
GradientBoosting,0,0
GradientBoosting,0,0
GradientBoosting,0,0
GradientBoosting,0,0
GradientBoosting,0,0
GradientBoosting,0,0
GradientBoosting,0,0
GradientBoosting,0,0
GradientBoosting,0,0
GradientBoosting,0,0
GradientBoosting,1,1
GradientBoosting,0,0
GradientBoosting,0,0
GradientBoosting,1,1
GradientBoosting,0,0
GradientBoosting,0,0
GradientBoosting,0,0
GradientBoosting,1,1
GradientBoosting,0,0
GradientBoosting,0,0
GradientBoosting,0,0
GradientBoosting,0,0
GradientBoosting,1,1
GradientBoosting,1,1
GradientBoosting,0,0
GradientBoosting,0,0
GradientBoosting,1,1
GradientBoosting,1,1
GradientBoosting,0,0
GradientBoosting,0,0
GradientBoosting,0,0
GradientBoosting,0,0
GradientBoosting,0,0
GradientBoosting,0,0
GradientBoosting,0,0
GradientBoosting,1,1
GradientBoosting,0,0
GradientBoosting,0,0
GradientBoosting,0,0
GradientBoosting,0,0
GradientBoosting,0,0
GradientBoosting,0,0
GradientBoosting,0,0
GradientBoosting,1,1
GradientBoosting,1,1
GradientBoosting,0,0
GradientBoosting,0,0
GradientBoosting,1,0
GradientBoosting,0,0
GradientBoosting,0,0
GradientBoosting,0,0
GradientBoosting,0,0
GradientBoosting,1,1
GradientBoosting,0,0
GradientBoosting,1,1
GradientBoosting,0,0
GradientBoosting,0,0
GradientBoosting,0,0
GradientBoosting,0,0
GradientBoosting,0,0
GradientBoosting,0,0
GradientBoosting,0,0
GradientBoosting,0,0
GradientBoosting,0,0
GradientBoosting,1,1
GradientBoosting,0,0
GradientBoosting,0,0
GradientBoosting,0,0
GradientBoosting,1,1
GradientBoosting,1,1
GradientBoosting,0,0
GradientBoosting,1,1
GradientBoosting,1,1
GradientBoosting,0,0
GradientBoosting,0,0
GradientBoosting,0,0
GradientBoosting,0,0
GradientBoosting,0,0
GradientBoosting,0,0
GradientBoosting,0,0
GradientBoosting,0,0
GradientBoosting,0,0
GradientBoosting,0,0
GradientBoosting,0,0
GradientBoosting,0,0
GradientBoosting,0,0
GradientBoosting,0,0
GradientBoosting,0,0
GradientBoosting,1,1
GradientBoosting,0,0
GradientBoosting,0,0
GradientBoosting,1,1
GradientBoosting,0,0
GradientBoosting,0,0
GradientBoosting,0,0
GradientBoosting,0,0
GradientBoosting,0,0
GradientBoosting,0,0
GradientBoosting,1,1
GradientBoosting,0,0
GradientBoosting,1,1
GradientBoosting,1,1
GradientBoosting,0,0
GradientBoosting,0,0
GradientBoosting,0,0
GradientBoosting,0,0
GradientBoosting,0,0
GradientBoosting,0,0
GradientBoosting,0,0
GradientBoosting,1,1
GradientBoosting,0,0
GradientBoosting,0,0
GradientBoosting,0,0
GradientBoosting,0,0
GradientBoosting,0,0
GradientBoosting,0,0
GradientBoosting,1,1
GradientBoosting,0,0
GradientBoosting,0,0
GradientBoosting,0,0
GradientBoosting,0,0
GradientBoosting,0,0
GradientBoosting,0,0
GradientBoosting,0,0
GradientBoosting,0,0
GradientBoosting,0,0
GradientBoosting,0,0
GradientBoosting,1,1
GradientBoosting,0,0
GradientBoosting,0,0
GradientBoosting,1,1
GradientBoosting,0,0
GradientBoosting,0,0
GradientBoosting,0,0
GradientBoosting,0,0
GradientBoosting,0,0
GradientBoosting,0,0
GradientBoosting,0,0
GradientBoosting,0,0
GradientBoosting,0,0
GradientBoosting,1,1
GradientBoosting,1,1
GradientBoosting,0,0
GradientBoosting,0,0
GradientBoosting,0,0
GradientBoosting,1,1
GradientBoosting,0,0
GradientBoosting,0,0
GradientBoosting,0,0
GradientBoosting,0,0
GradientBoosting,0,0
GradientBoosting,0,0
GradientBoosting,0,0
GradientBoosting,0,0
GradientBoosting,0,0
GradientBoosting,0,0
GradientBoosting,1,1
GradientBoosting,0,0
GradientBoosting,0,0
GradientBoosting,0,0
GradientBoosting,0,0
GradientBoosting,1,1
GradientBoosting,0,0
GradientBoosting,1,1
GradientBoosting,0,1
GradientBoosting,0,0
GradientBoosting,0,0
GradientBoosting,0,0
GradientBoosting,1,1
GradientBoosting,0,0
GradientBoosting,0,0
GradientBoosting,0,0
GradientBoosting,1,1
GradientBoosting,0,0
GradientBoosting,0,0
GradientBoosting,0,0
GradientBoosting,0,0
GradientBoosting,0,0
GradientBoosting,0,0
GradientBoosting,0,0
GradientBoosting,0,0
GradientBoosting,0,0
GradientBoosting,0,0
GradientBoosting,0,0
GradientBoosting,0,0
GradientBoosting,0,0
GradientBoosting,0,0
GradientBoosting,0,0
GradientBoosting,0,0
GradientBoosting,0,0
GradientBoosting,0,0
GradientBoosting,1,1
GradientBoosting,0,0
GradientBoosting,0,0
GradientBoosting,0,0
GradientBoosting,0,0
GradientBoosting,0,0
GradientBoosting,0,0
GradientBoosting,0,0
GradientBoosting,0,0
GradientBoosting,0,0
GradientBoosting,0,0
GradientBoosting,0,0
GradientBoosting,0,0
GradientBoosting,0,0
GradientBoosting,0,0
GradientBoosting,0,0
GradientBoosting,0,0
GradientBoosting,0,0
GradientBoosting,0,0
GradientBoosting,1,1
GradientBoosting,0,0
GradientBoosting,0,0
GradientBoosting,0,0
GradientBoosting,0,0
GradientBoosting,0,0
GradientBoosting,0,0
GradientBoosting,0,0
GradientBoosting,0,0
GradientBoosting,0,0
GradientBoosting,0,0
GradientBoosting,0,0
GradientBoosting,1,1
GradientBoosting,0,0
GradientBoosting,0,0
GradientBoosting,0,0
GradientBoosting,0,0
GradientBoosting,0,0
GradientBoosting,0,0
GradientBoosting,0,0
GradientBoosting,0,0
GradientBoosting,0,0
GradientBoosting,0,0
GradientBoosting,0,0
GradientBoosting,0,0
GradientBoosting,0,0
GradientBoosting,0,0
GradientBoosting,0,0
GradientBoosting,1,1
GradientBoosting,0,0
GradientBoosting,0,0
GradientBoosting,0,0
GradientBoosting,0,0
GradientBoosting,0,0
GradientBoosting,0,0
GradientBoosting,0,0
GradientBoosting,1,1
GradientBoosting,1,1
GradientBoosting,0,0
GradientBoosting,0,0
GradientBoosting,0,0
GradientBoosting,1,1
GradientBoosting,1,1
GradientBoosting,0,0
GradientBoosting,1,1
GradientBoosting,0,0
GradientBoosting,1,1
GradientBoosting,1,1
GradientBoosting,0,0
GradientBoosting,0,0
GradientBoosting,0,0
GradientBoosting,0,0
GradientBoosting,0,0
GradientBoosting,1,1
GradientBoosting,0,0
GradientBoosting,0,0
GradientBoosting,0,0
GradientBoosting,1,1
GradientBoosting,0,0
GradientBoosting,1,1
GradientBoosting,0,0
GradientBoosting,1,1
GradientBoosting,0,0
GradientBoosting,0,0
GradientBoosting,1,1
GradientBoosting,0,0
GradientBoosting,0,0
GradientBoosting,0,0
GradientBoosting,0,0
GradientBoosting,0,0
GradientBoosting,0,0
GradientBoosting,1,1
GradientBoosting,1,1
GradientBoosting,0,0
GradientBoosting,0,0
GradientBoosting,0,0
GradientBoosting,1,1
GradientBoosting,0,0
GradientBoosting,1,1
GradientBoosting,0,0
GradientBoosting,0,0
GradientBoosting,0,0
GradientBoosting,0,0
GradientBoosting,0,0
GradientBoosting,0,0
GradientBoosting,0,0
GradientBoosting,0,0
GradientBoosting,1,1
GradientBoosting,0,0
GradientBoosting,1,1
GradientBoosting,0,0
GradientBoosting,0,0
GradientBoosting,0,0
GradientBoosting,0,0
GradientBoosting,0,0
GradientBoosting,0,0
GradientBoosting,0,0
GradientBoosting,0,0
GradientBoosting,0,0
GradientBoosting,0,0
GradientBoosting,0,0
GradientBoosting,0,0
GradientBoosting,0,0
GradientBoosting,1,1
GradientBoosting,1,1
GradientBoosting,0,0
GradientBoosting,0,0
GradientBoosting,0,0
GradientBoosting,1,1
GradientBoosting,0,0
GradientBoosting,1,1
GradientBoosting,0,0
GradientBoosting,1,1
GradientBoosting,1,1
GradientBoosting,1,0
GradientBoosting,0,0
GradientBoosting,0,0
GradientBoosting,0,0
GradientBoosting,1,1
GradientBoosting,0,0
GradientBoosting,1,1
GradientBoosting,0,0
GradientBoosting,0,0
GradientBoosting,1,0
GradientBoosting,1,1
GradientBoosting,0,0
GradientBoosting,1,1
GradientBoosting,0,0
GradientBoosting,0,0
GradientBoosting,0,0
GradientBoosting,0,0
GradientBoosting,1,1
GradientBoosting,0,0
GradientBoosting,0,0
GradientBoosting,0,0
GradientBoosting,0,0
GradientBoosting,0,0
GradientBoosting,1,1
GradientBoosting,0,0
GradientBoosting,0,0
GradientBoosting,0,0
GradientBoosting,0,0
GradientBoosting,0,0
GradientBoosting,0,0
GradientBoosting,0,0
GradientBoosting,1,1
GradientBoosting,0,0
GradientBoosting,0,0
GradientBoosting,0,0
GradientBoosting,0,0
GradientBoosting,0,0
GradientBoosting,1,1
GradientBoosting,0,0
GradientBoosting,0,0
GradientBoosting,0,0
GradientBoosting,1,1
GradientBoosting,0,0
GradientBoosting,1,1
GradientBoosting,0,0
GradientBoosting,0,0
GradientBoosting,0,0
GradientBoosting,1,1
GradientBoosting,0,0
GradientBoosting,1,1
GradientBoosting,0,0
GradientBoosting,0,0
GradientBoosting,1,1
GradientBoosting,0,0
GradientBoosting,1,1
GradientBoosting,0,0
GradientBoosting,0,0
GradientBoosting,0,0
GradientBoosting,0,0
GradientBoosting,0,0
GradientBoosting,0,0
GradientBoosting,1,1
GradientBoosting,0,0
GradientBoosting,0,0
GradientBoosting,0,0
GradientBoosting,0,0
GradientBoosting,0,0
GradientBoosting,0,0
GradientBoosting,0,0
GradientBoosting,0,0
GradientBoosting,0,0
GradientBoosting,0,0
GradientBoosting,0,0
GradientBoosting,0,0
GradientBoosting,0,0
GradientBoosting,0,0
GradientBoosting,0,0
GradientBoosting,0,0
GradientBoosting,0,0
GradientBoosting,1,1
GradientBoosting,0,0
GradientBoosting,0,0
GradientBoosting,0,1
